"","sample1","sample2","sample3","sample4","sample5","sample6","sample7","sample8","sample9","sample10","sample11","sample12","sample13","sample14","sample15","sample16","sample17","sample18","sample19","sample20"
"G1",1,1,1,1,1,1,1,1,1,1,0.25,0.25,0.25,1,1.5,0.5,0.25,0.25,1.5,0.25
"G2",1,1,1,1,1,1,1,1,1,1,0.25,0.5,0.5,0.25,0.5,1.5,0.5,0.25,1,0.5
"G3",1,1,1,1,1,1,1,1,1,1,0.25,1,0.25,0.5,0.25,1,0.5,1,0.25,0.25
"G4",1,1,1,1,1,1,1,1,1,1,0.25,0.5,0.25,0.25,0.5,0.25,1.5,1,0.25,0.5
"G5",1,1,1,1,1,1,1,1,1,1,0.5,0.25,1,1.5,0.5,0.25,0.25,1.5,0.25,0.25
"G6",1,1,1,1,1,1,1,1,1,1,0.25,0.25,0.5,0.25,0.25,1.5,1.5,0.25,0.25,0.25
"G7",1,1,1,1,1,1,1,1,1,1,1,0.5,1,0.25,1.5,0.5,0.25,0.25,0.25,0.25
"G8",1,1,1,1,1,1,1,1,1,1,0.5,0.25,1,0.25,1,0.25,0.25,0.25,0.5,0.25
"G9",1,1,1,1,1,1,1,1,1,1,0.25,0.25,0.5,0.25,0.25,0.5,0.5,0.25,1.5,0.25
"G10",1,1,1,1,1,1,1,1,1,1,1.5,0.5,0.25,0.25,0.25,1.5,0.25,1,0.25,0.25
"G11",1,1,1,1,1,1,1,1,1,1,0.25,1,1.5,0.25,0.25,1,0.25,0.25,1,0.25
"G12",1,1,1,1,1,1,1,1,1,1,0.25,0.5,0.5,1,0.25,0.25,0.5,0.5,0.25,0.25
"G13",1,1,1,1,1,1,1,1,1,1,0.25,0.25,0.25,0.25,0.25,0.25,0.5,1,0.25,0.5
"G14",1,1,1,1,1,1,1,1,1,1,0.5,0.25,1.5,1.5,0.5,1.5,0.25,0.5,0.25,0.25
"G15",1,1,1,1,1,1,1,1,1,1,0.5,0.5,1,0.25,0.25,0.5,1.5,0.25,0.25,0.25
"G16",1,1,1,1,1,1,1,1,1,1,0.25,0.5,0.25,0.5,0.25,1.5,0.25,0.25,0.25,1
"G17",1,1,1,1,1,1,1,1,1,1,0.25,0.5,0.25,0.25,0.25,0.25,0.25,0.25,0.5,1
"G18",1,1,1,1,1,1,1,1,1,1,1,0.25,0.25,0.5,0.25,0.25,0.25,1.5,0.25,0.25
"G19",1,1,1,1,1,1,1,1,1,1,0.25,1,0.25,0.25,0.5,0.25,0.5,0.5,0.5,1
"G20",1,1,1,1,1,1,1,1,1,1,0.25,0.5,0.25,0.25,0.25,0.25,0.25,0.5,0.25,1.5
"G21",1,1,1,1,1,1,1,1,1,1,1,0.25,0.5,0.25,0.25,0.5,0.5,1.5,0.25,0.25
"G22",1,1,1,1,1,1,1,1,1,1,0.5,0.5,0.25,0.25,0.25,1.5,0.25,0.5,0.5,1.5
"G23",1,1,1,1,1,1,1,1,1,1,0.5,0.5,0.5,0.5,0.5,0.5,0.5,0.25,0.25,1
"G24",1,1,1,1,1,1,1,1,1,1,0.25,0.5,1.5,0.25,0.25,0.25,0.25,0.25,1.5,0.25
"G25",1,1,1,1,1,1,1,1,1,1,0.25,0.5,0.5,0.25,0.5,1.5,0.25,1,0.25,0.25
"G26",1,1,1,1,1,1,1,1,1,1,0.5,1.5,1,0.25,0.25,0.5,0.25,0.25,0.25,0.25
"G27",1,1,1,1,1,1,1,1,1,1,0.25,0.5,0.25,0.5,1,0.25,0.25,0.25,0.25,0.5
"G28",1,1,1,1,1,1,1,1,1,1,1,1,1,0.25,0.5,0.25,0.25,0.25,0.25,1.5
"G29",1,1,1,1,1,1,1,1,1,1,0.5,0.25,0.25,0.25,0.25,0.25,0.25,0.5,1,0.5
"G30",1,1,1,1,1,1,1,1,1,1,0.5,1,0.5,0.25,0.25,1,0.25,0.5,0.5,0.25
"G31",1,1,1,1,1,1,1,1,1,1,0.25,0.5,0.25,0.25,0.25,0.25,1,0.5,0.25,0.25
"G32",1,1,1,1,1,1,1,1,1,1,1,0.5,0.25,0.25,0.25,0.25,0.25,0.25,1.5,0.25
"G33",1,1,1,1,1,1,1,1,1,1,0.25,1,0.5,1.5,0.25,0.25,0.5,0.25,0.5,0.25
"G34",1,1,1,1,1,1,1,1,1,1,0.25,0.25,1.5,1,0.25,0.5,0.25,1,0.25,0.25
"G35",1,1,1,1,1,1,1,1,1,1,0.25,0.25,0.25,0.25,0.25,0.25,1,0.25,1.5,0.25
"G36",1,1,1,1,1,1,1,1,1,1,0.25,0.5,0.5,0.5,0.5,0.25,0.25,0.25,0.25,1
"G37",1,1,1,1,1,1,1,1,1,1,0.5,0.5,0.25,0.25,0.25,0.5,0.25,0.5,0.25,0.25
"G38",1,1,1,1,1,1,1,1,1,1,1.5,0.5,0.25,0.5,0.25,0.25,0.25,1,1,1.5
"G39",1,1,1,1,1,1,1,1,1,1,0.25,1.5,1.5,0.25,0.25,0.5,0.25,1.5,0.25,0.5
"G40",1,1,1,1,1,1,1,1,1,1,0.25,1.5,0.25,0.25,0.25,0.5,0.25,0.5,0.25,0.5
"G41",1,1,1,1,1,1,1,1,1,1,0.5,0.5,1.5,1,0.5,0.5,1,0.25,0.5,0.5
"G42",1,1,1,1,1,1,1,1,1,1,0.25,0.25,0.5,0.5,0.5,1,0.25,0.5,0.25,0.25
"G43",1,1,1,1,1,1,1,1,1,1,1.5,0.25,1,1.5,0.5,0.25,0.5,0.25,0.25,1
"G44",1,1,1,1,1,1,1,1,1,1,1,0.25,1,0.25,0.25,0.5,1.5,0.25,0.25,0.25
"G45",1,1,1,1,1,1,1,1,1,1,0.5,0.25,0.25,0.5,0.25,0.5,0.5,0.25,1.5,0.5
"G46",1,1,1,1,1,1,1,1,1,1,0.5,1,0.25,0.25,0.25,0.25,1.5,1,0.25,1.5
"G47",1,1,1,1,1,1,1,1,1,1,0.5,0.5,1.5,0.25,0.5,0.5,0.25,0.5,0.5,0.25
"G48",1,1,1,1,1,1,1,1,1,1,0.25,1,1,0.25,0.25,0.5,1,1.5,1,1.5
"G49",1,1,1,1,1,1,1,1,1,1,0.25,0.25,0.5,0.25,0.25,0.25,0.25,0.25,0.25,0.25
"G50",1,1,1,1,1,1,1,1,1,1,0.25,0.25,0.5,0.25,0.25,0.5,0.25,0.25,0.25,0.25
"G51",1,1,1,1,1,1,1,1,1,1,0.5,0.5,0.25,0.5,1.5,0.25,0.25,0.25,0.5,0.5
"G52",1,1,1,1,1,1,1,1,1,1,0.25,0.25,1.5,0.5,0.25,1.5,0.5,1.5,0.5,0.5
"G53",1,1,1,1,1,1,1,1,1,1,1,0.25,1,1,0.25,0.25,0.25,0.5,0.25,0.25
"G54",1,1,1,1,1,1,1,1,1,1,0.25,0.25,0.25,1.5,0.5,1.5,0.5,0.5,0.25,0.25
"G55",1,1,1,1,1,1,1,1,1,1,1,1,0.5,0.25,0.5,0.5,0.25,0.5,0.25,0.5
"G56",1,1,1,1,1,1,1,1,1,1,0.5,0.25,0.25,0.25,0.25,1.5,1.5,0.25,0.5,1.5
"G57",1,1,1,1,1,1,1,1,1,1,0.5,0.5,1,0.25,0.25,0.25,0.25,0.5,0.25,1.5
"G58",1,1,1,1,1,1,1,1,1,1,0.25,0.25,0.25,0.25,1,0.25,0.5,1.5,1.5,0.5
"G59",1,1,1,1,1,1,1,1,1,1,0.25,0.25,0.25,0.25,1,1,0.25,1,0.25,0.25
"G60",1,1,1,1,1,1,1,1,1,1,0.5,0.25,0.25,1,1.5,1.5,0.25,0.25,0.5,0.25
"G61",1,1,1,1,1,1,1,1,1,1,0.25,0.25,1.5,1.5,1.5,0.5,0.5,0.25,1.5,0.25
"G62",1,1,1,1,1,1,1,1,1,1,0.25,0.25,1,1.5,0.5,1.5,0.5,0.25,1,0.5
"G63",1,1,1,1,1,1,1,1,1,1,0.25,0.5,0.25,0.25,0.25,0.25,0.5,0.5,0.25,0.5
"G64",1,1,1,1,1,1,1,1,1,1,1,0.25,0.5,0.5,0.5,0.25,0.25,0.5,0.5,0.25
"G65",1,1,1,1,1,1,1,1,1,1,1.5,0.25,0.25,0.5,0.5,0.25,0.5,0.25,0.5,1.5
"G66",1,1,1,1,1,1,1,1,1,1,1,0.5,0.25,0.25,0.5,0.5,0.5,0.5,0.25,0.5
"G67",1,1,1,1,1,1,1,1,1,1,1,0.25,0.25,0.25,0.5,1.5,0.25,0.25,0.25,0.5
"G68",1,1,1,1,1,1,1,1,1,1,0.25,0.5,0.25,0.5,0.25,1,0.25,0.5,0.5,0.25
"G69",1,1,1,1,1,1,1,1,1,1,0.5,0.25,0.5,0.25,0.25,0.5,0.5,0.25,0.25,0.5
"G70",1,1,1,1,1,1,1,1,1,1,0.5,0.25,0.5,0.25,1,0.5,0.25,0.25,1.5,0.5
"G71",1,1,1,1,1,1,1,1,1,1,0.5,1,0.5,0.5,0.5,0.25,0.25,0.25,1.5,0.25
"G72",1,1,1,1,1,1,1,1,1,1,0.25,0.5,0.25,0.25,0.25,0.25,0.25,1.5,0.25,0.5
"G73",1,1,1,1,1,1,1,1,1,1,0.25,0.5,0.25,0.5,0.5,0.5,0.25,0.25,1,1
"G74",1,1,1,1,1,1,1,1,1,1,0.5,0.25,0.5,0.25,0.25,0.25,0.5,0.5,0.25,0.25
"G75",1,1,1,1,1,1,1,1,1,1,1.5,0.25,0.25,0.25,0.5,0.5,0.25,0.25,0.25,0.5
"G76",1,1,1,1,1,1,1,1,1,1,0.25,0.25,1.5,0.5,0.5,0.25,0.5,0.25,0.5,0.25
"G77",1,1,1,1,1,1,1,1,1,1,0.25,1,0.5,0.25,0.25,0.25,1.5,1.5,0.25,0.25
"G78",1,1,1,1,1,1,1,1,1,1,0.5,0.5,0.5,0.25,0.25,1.5,0.5,0.5,0.5,0.5
"G79",1,1,1,1,1,1,1,1,1,1,0.25,0.5,0.25,0.25,0.5,0.25,0.25,0.5,1.5,0.25
"G80",1,1,1,1,1,1,1,1,1,1,0.5,0.25,0.25,0.25,0.25,0.5,0.25,0.5,0.5,0.5
"G81",1,1,1,1,1,1,1,1,1,1,0.25,0.25,0.5,0.5,0.5,0.25,1.5,1.5,0.25,0.25
"G82",1,1,1,1,1,1,1,1,1,1,0.25,0.5,0.25,0.25,0.25,0.25,1,1,0.25,0.25
"G83",1,1,1,1,1,1,1,1,1,1,0.5,0.25,0.5,0.25,0.5,0.5,0.25,1.5,0.5,0.25
"G84",1,1,1,1,1,1,1,1,1,1,0.25,0.25,0.5,0.25,0.25,1.5,0.25,0.25,0.25,0.25
"G85",1,1,1,1,1,1,1,1,1,1,1.5,0.5,0.5,0.25,0.5,0.25,0.25,0.5,1.5,1.5
"G86",1,1,1,1,1,1,1,1,1,1,1.5,1.5,1.5,0.25,1,1.5,0.5,1,0.25,0.5
"G87",1,1,1,1,1,1,1,1,1,1,1.5,0.5,1.5,1,0.5,0.5,0.5,0.25,0.25,0.25
"G88",1,1,1,1,1,1,1,1,1,1,0.25,0.25,1,0.25,1,0.25,1,1.5,0.25,0.25
"G89",1,1,1,1,1,1,1,1,1,1,1.5,0.25,1.5,0.25,0.5,0.25,0.25,1,0.25,0.5
"G90",1,1,1,1,1,1,1,1,1,1,0.5,0.25,0.5,0.5,0.5,1.5,0.25,0.25,0.5,0.25
"G91",1,1,1,1,1,1,1,1,1,1,1,1,0.5,0.5,0.25,1,0.25,0.25,1,0.5
"G92",1,1,1,1,1,1,1,1,1,1,0.5,0.5,1,1.5,0.25,0.5,1.5,0.5,1.5,0.5
"G93",1,1,1,1,1,1,1,1,1,1,0.5,1,0.5,0.25,0.25,1,0.5,1.5,0.25,0.25
"G94",1,1,1,1,1,1,1,1,1,1,0.25,0.5,0.25,0.5,1.5,0.25,1.5,0.25,0.5,0.25
"G95",1,1,1,1,1,1,1,1,1,1,0.25,0.5,1,1.5,0.25,0.25,0.5,1.5,0.25,0.25
"G96",1,1,1,1,1,1,1,1,1,1,0.25,0.5,0.5,0.5,0.5,0.5,0.25,0.5,0.5,0.5
"G97",1,1,1,1,1,1,1,1,1,1,0.25,0.25,1.5,0.5,0.25,0.25,0.25,0.25,0.25,0.25
"G98",1,1,1,1,1,1,1,1,1,1,0.25,0.25,0.5,0.25,1,0.25,0.5,0.5,0.25,0.25
"G99",1,1,1,1,1,1,1,1,1,1,1.5,0.5,0.5,1,1,0.25,0.25,1,0.25,1
"G100",1,1,1,1,1,1,1,1,1,1,0.5,1.5,0.5,0.25,0.25,1.5,0.25,0.25,1,1
"G101",1,1,1,1,1,1,1,1,1,1,0.25,0.25,1.5,0.25,0.5,0.5,1.5,1.5,0.25,0.25
"G102",1,1,1,1,1,1,1,1,1,1,0.25,1.5,0.25,0.5,0.25,1.5,1,0.25,0.5,0.25
"G103",1,1,1,1,1,1,1,1,1,1,0.5,0.25,0.25,1.5,0.25,0.5,0.25,0.5,0.25,0.25
"G104",1,1,1,1,1,1,1,1,1,1,0.5,0.25,1.5,0.25,0.5,1,0.5,0.5,0.5,0.5
"G105",1,1,1,1,1,1,1,1,1,1,0.5,0.5,1.5,1,0.25,0.25,0.25,0.25,0.25,0.25
"G106",1,1,1,1,1,1,1,1,1,1,0.25,0.25,0.25,0.25,0.5,0.25,1,0.25,0.5,0.5
"G107",1,1,1,1,1,1,1,1,1,1,0.25,0.25,0.25,1,1.5,0.5,0.5,1,1.5,0.25
"G108",1,1,1,1,1,1,1,1,1,1,0.25,0.25,1.5,0.25,1.5,1,0.5,0.25,0.25,1.5
"G109",1,1,1,1,1,1,1,1,1,1,0.5,0.5,1.5,0.5,1.5,0.25,0.25,0.5,0.25,1.5
"G110",1,1,1,1,1,1,1,1,1,1,0.5,0.25,0.25,0.25,0.25,0.5,0.25,0.5,0.25,0.25
"G111",1,1,1,1,1,1,1,1,1,1,0.25,1.5,1,0.25,0.5,0.5,0.25,0.25,0.25,0.5
"G112",1,1,1,1,1,1,1,1,1,1,0.5,0.25,0.25,1,0.25,1.5,0.25,0.25,0.25,0.25
"G113",1,1,1,1,1,1,1,1,1,1,0.25,0.25,0.25,0.5,0.25,1,0.5,0.5,0.25,0.5
"G114",1,1,1,1,1,1,1,1,1,1,0.5,0.25,1.5,0.5,0.25,0.25,0.25,0.25,0.25,0.5
"G115",1,1,1,1,1,1,1,1,1,1,0.25,0.25,0.25,0.25,0.25,0.25,0.25,0.5,0.25,0.25
"G116",1,1,1,1,1,1,1,1,1,1,0.25,0.25,0.25,0.25,0.25,0.25,1,0.5,0.5,1.5
"G117",1,1,1,1,1,1,1,1,1,1,0.5,0.25,0.25,0.5,0.25,0.25,0.25,0.5,0.5,0.25
"G118",1,1,1,1,1,1,1,1,1,1,0.25,0.25,0.25,0.25,0.5,0.5,1,0.25,0.5,0.25
"G119",1,1,1,1,1,1,1,1,1,1,1,0.25,0.25,0.25,1.5,1,1.5,0.5,0.25,0.25
"G120",1,1,1,1,1,1,1,1,1,1,0.25,0.5,1,0.25,0.25,0.5,0.5,1.5,0.25,0.25
"G121",1,1,1,1,1,1,1,1,1,1,0.25,1.5,0.25,0.25,0.25,0.5,1.5,0.25,1,0.5
"G122",1,1,1,1,1,1,1,1,1,1,1.5,0.25,1.5,0.25,0.5,0.25,0.25,0.25,0.25,0.25
"G123",1,1,1,1,1,1,1,1,1,1,0.5,0.5,0.25,0.5,0.25,0.25,0.25,0.5,0.25,0.25
"G124",1,1,1,1,1,1,1,1,1,1,1.5,0.5,0.25,0.25,1.5,0.25,0.25,0.25,0.5,0.5
"G125",1,1,1,1,1,1,1,1,1,1,0.25,0.25,0.5,0.25,0.5,0.5,0.25,0.5,0.25,0.25
"G126",1,1,1,1,1,1,1,1,1,1,1,1.5,0.5,0.25,0.25,1.5,0.25,0.5,0.5,0.25
"G127",1,1,1,1,1,1,1,1,1,1,0.25,1.5,0.25,0.25,1,0.25,1,0.25,0.25,1.5
"G128",1,1,1,1,1,1,1,1,1,1,0.25,1,0.25,0.25,0.25,0.25,0.25,0.25,0.25,0.25
"G129",1,1,1,1,1,1,1,1,1,1,0.5,1,0.5,0.25,1.5,0.25,0.25,0.5,0.25,0.25
"G130",1,1,1,1,1,1,1,1,1,1,0.25,0.25,0.5,0.25,0.25,1.5,0.5,1,0.5,0.25
"G131",1,1,1,1,1,1,1,1,1,1,1,0.25,0.25,0.25,0.25,0.25,0.5,0.5,0.5,0.25
"G132",1,1,1,1,1,1,1,1,1,1,0.25,0.5,1.5,1.5,0.25,0.25,0.25,1,0.25,0.5
"G133",1,1,1,1,1,1,1,1,1,1,1,0.25,0.25,0.25,0.5,1.5,1,1.5,0.5,0.25
"G134",1,1,1,1,1,1,1,1,1,1,0.5,0.5,0.25,1,0.25,0.25,0.25,0.5,0.25,0.5
"G135",1,1,1,1,1,1,1,1,1,1,0.25,0.25,0.5,0.25,0.25,0.5,0.25,0.5,0.25,0.5
"G136",1,1,1,1,1,1,1,1,1,1,0.25,0.5,0.25,0.5,0.25,0.5,0.5,0.5,1.5,1.5
"G137",1,1,1,1,1,1,1,1,1,1,1,0.25,1.5,0.5,0.5,0.25,0.5,1,0.5,0.25
"G138",1,1,1,1,1,1,1,1,1,1,1.5,0.25,0.25,1.5,0.25,0.5,0.25,0.25,1.5,1.5
"G139",1,1,1,1,1,1,1,1,1,1,0.25,1,1,0.25,0.25,1,0.25,0.25,0.25,0.5
"G140",1,1,1,1,1,1,1,1,1,1,0.25,1,0.25,0.5,1,0.25,0.25,0.25,0.25,0.5
"G141",1,1,1,1,1,1,1,1,1,1,0.5,0.25,0.25,1.5,1,0.25,0.25,0.25,1.5,1.5
"G142",1,1,1,1,1,1,1,1,1,1,0.25,1.5,0.25,1,0.5,1.5,0.25,1,0.25,0.5
"G143",1,1,1,1,1,1,1,1,1,1,1,0.25,0.5,0.5,1.5,0.25,1.5,0.25,0.5,1.5
"G144",1,1,1,1,1,1,1,1,1,1,1.5,0.5,0.5,0.25,0.25,0.25,0.25,1.5,0.5,1
"G145",1,1,1,1,1,1,1,1,1,1,1,0.5,0.5,0.25,0.25,0.5,0.5,0.25,1,0.25
"G146",1,1,1,1,1,1,1,1,1,1,1,0.25,0.25,0.25,0.5,0.25,0.25,0.25,0.5,0.25
"G147",1,1,1,1,1,1,1,1,1,1,0.5,0.25,0.25,0.5,0.5,0.5,0.5,0.5,0.25,0.25
"G148",1,1,1,1,1,1,1,1,1,1,1.5,0.5,1,1.5,0.5,0.25,0.5,0.5,0.5,1.5
"G149",1,1,1,1,1,1,1,1,1,1,0.25,0.25,0.5,1,0.25,1,1,0.25,1.5,0.5
"G150",1,1,1,1,1,1,1,1,1,1,0.5,0.5,0.25,1.5,1.5,0.25,1.5,0.25,0.5,0.25
"G151",1,1,1,1,1,1,1,1,1,1,0.25,0.25,0.25,1.5,0.5,1.5,0.5,1,0.5,0.5
"G152",1,1,1,1,1,1,1,1,1,1,0.25,0.25,0.5,1.5,1.5,0.5,0.25,0.25,1.5,1
"G153",1,1,1,1,1,1,1,1,1,1,0.25,0.5,0.5,0.5,0.25,0.5,0.25,1,0.5,0.25
"G154",1,1,1,1,1,1,1,1,1,1,0.25,0.25,0.25,0.25,0.25,0.5,0.25,1,1,0.5
"G155",1,1,1,1,1,1,1,1,1,1,0.5,0.5,0.5,1,0.25,0.5,1,0.25,0.5,0.5
"G156",1,1,1,1,1,1,1,1,1,1,0.25,0.25,0.5,0.25,0.25,0.25,0.5,0.25,0.25,0.5
"G157",1,1,1,1,1,1,1,1,1,1,1.5,0.25,0.5,1,0.5,0.25,0.5,0.25,0.25,0.25
"G158",1,1,1,1,1,1,1,1,1,1,0.25,0.25,0.5,0.25,0.5,0.25,1,1.5,0.25,0.25
"G159",1,1,1,1,1,1,1,1,1,1,0.25,0.5,0.25,0.5,0.25,0.5,0.5,0.25,0.25,0.25
"G160",1,1,1,1,1,1,1,1,1,1,0.5,1,0.5,0.25,0.25,0.25,0.25,0.5,0.5,0.25
"G161",1,1,1,1,1,1,1,1,1,1,0.5,1,0.25,0.5,1,0.5,0.25,0.25,0.5,0.25
"G162",1,1,1,1,1,1,1,1,1,1,1,0.25,0.25,0.5,0.25,1.5,1.5,1.5,0.5,0.5
"G163",1,1,1,1,1,1,1,1,1,1,0.5,0.25,1.5,0.25,0.5,0.25,0.25,0.25,0.25,0.5
"G164",1,1,1,1,1,1,1,1,1,1,0.5,0.25,0.5,1.5,0.5,0.25,0.5,0.5,0.25,0.25
"G165",1,1,1,1,1,1,1,1,1,1,0.25,0.5,0.25,0.5,0.25,0.25,0.5,0.25,0.25,0.5
"G166",1,1,1,1,1,1,1,1,1,1,0.25,0.5,0.25,0.25,0.25,0.25,0.25,1.5,0.5,0.5
"G167",1,1,1,1,1,1,1,1,1,1,1.5,0.25,0.5,0.5,1.5,0.5,0.25,0.25,0.25,0.5
"G168",1,1,1,1,1,1,1,1,1,1,0.5,1,1,0.5,0.25,0.25,0.25,0.25,0.25,1.5
"G169",1,1,1,1,1,1,1,1,1,1,0.25,0.5,0.5,0.5,0.25,0.25,0.5,0.5,0.25,0.5
"G170",1,1,1,1,1,1,1,1,1,1,0.5,0.5,0.25,0.25,1,0.5,0.5,0.5,0.5,0.5
"G171",1,1,1,1,1,1,1,1,1,1,1,0.5,0.25,0.5,0.5,0.5,1,0.25,0.25,0.25
"G172",1,1,1,1,1,1,1,1,1,1,0.25,1.5,0.25,0.25,0.25,1,0.25,0.25,0.5,0.5
"G173",1,1,1,1,1,1,1,1,1,1,0.5,0.5,0.5,0.5,0.5,1.5,0.25,1,0.25,0.5
"G174",1,1,1,1,1,1,1,1,1,1,0.5,0.5,0.25,0.25,1,0.5,1,0.25,0.5,0.25
"G175",1,1,1,1,1,1,1,1,1,1,1.5,1,0.25,0.25,0.25,0.25,0.25,0.5,0.25,1.5
"G176",1,1,1,1,1,1,1,1,1,1,0.25,0.25,0.5,0.25,0.5,0.5,0.5,0.25,0.5,0.25
"G177",1,1,1,1,1,1,1,1,1,1,0.5,0.25,0.25,0.5,0.25,0.5,1,0.25,1,0.25
"G178",1,1,1,1,1,1,1,1,1,1,1,0.25,0.25,1,1,0.25,0.5,1,0.25,0.5
"G179",1,1,1,1,1,1,1,1,1,1,0.5,0.25,0.25,1.5,0.5,1.5,0.5,1.5,0.5,1
"G180",1,1,1,1,1,1,1,1,1,1,1,0.25,0.25,0.25,0.5,0.5,0.25,0.5,0.25,0.25
"G181",1,1,1,1,1,1,1,1,1,1,0.25,0.25,0.25,0.25,0.5,0.25,0.5,0.5,0.5,0.25
"G182",1,1,1,1,1,1,1,1,1,1,0.5,1,1.5,0.25,0.25,0.5,0.25,0.25,0.5,0.25
"G183",1,1,1,1,1,1,1,1,1,1,0.25,0.25,1.5,0.5,0.5,0.5,0.25,0.25,0.25,0.25
"G184",1,1,1,1,1,1,1,1,1,1,0.25,1,0.25,0.25,0.25,0.25,0.25,0.25,0.25,0.25
"G185",1,1,1,1,1,1,1,1,1,1,0.25,0.25,0.25,0.5,0.25,1,0.5,0.5,0.25,0.25
"G186",1,1,1,1,1,1,1,1,1,1,1,0.5,0.25,0.25,0.5,0.5,1.5,0.25,0.5,0.25
"G187",1,1,1,1,1,1,1,1,1,1,1,0.5,0.25,0.5,0.25,0.25,0.5,0.25,0.5,0.25
"G188",1,1,1,1,1,1,1,1,1,1,1.5,1,0.25,0.25,0.5,0.5,1.5,0.5,0.25,0.25
"G189",1,1,1,1,1,1,1,1,1,1,0.5,0.25,0.5,0.25,0.25,1,0.25,0.25,0.25,0.5
"G190",1,1,1,1,1,1,1,1,1,1,1,0.5,0.25,0.25,0.25,0.25,0.25,0.5,0.25,0.5
"G191",1,1,1,1,1,1,1,1,1,1,0.25,0.25,1,0.25,0.25,0.25,1.5,0.25,0.5,0.25
"G192",1,1,1,1,1,1,1,1,1,1,0.5,0.5,1.5,0.25,1,0.25,0.25,0.5,0.5,0.25
"G193",1,1,1,1,1,1,1,1,1,1,0.5,0.25,0.25,0.25,0.5,1,0.5,0.5,0.25,1.5
"G194",1,1,1,1,1,1,1,1,1,1,0.25,0.25,1,1.5,0.25,0.5,0.25,0.5,0.5,0.25
"G195",1,1,1,1,1,1,1,1,1,1,1,0.5,1,0.5,1,0.25,0.25,0.25,1.5,0.25
"G196",1,1,1,1,1,1,1,1,1,1,0.5,1,0.25,0.5,1,0.5,0.25,0.5,0.5,0.25
"G197",1,1,1,1,1,1,1,1,1,1,0.5,1,0.5,0.25,0.25,0.25,1.5,0.5,0.25,1.5
"G198",1,1,1,1,1,1,1,1,1,1,1,1.5,0.25,1,1,0.25,1,0.25,0.25,0.5
"G199",1,1,1,1,1,1,1,1,1,1,0.25,0.5,0.25,0.25,0.5,0.25,0.25,0.25,1.5,0.25
"G200",1,1,1,1,1,1,1,1,1,1,0.5,0.25,0.25,1.5,1,1,1.5,0.25,0.5,0.5
"G201",1,1,1,1,1,1,1,1,1,1,0.5,0.5,0.5,0.5,0.5,0.5,0.5,0.5,1.5,0.25
"G202",1,1,1,1,1,1,1,1,1,1,0.5,0.5,0.25,0.5,0.5,0.25,0.25,1.5,0.5,1
"G203",1,1,1,1,1,1,1,1,1,1,0.5,1,0.5,0.25,1,0.5,0.5,0.5,1.5,0.5
"G204",1,1,1,1,1,1,1,1,1,1,0.25,0.25,0.25,1.5,0.5,0.5,0.5,1.5,0.5,0.5
"G205",1,1,1,1,1,1,1,1,1,1,0.5,0.25,0.5,0.5,0.5,1.5,0.5,0.5,0.5,0.5
"G206",1,1,1,1,1,1,1,1,1,1,0.5,1.5,0.5,0.5,0.5,0.5,0.5,0.25,1,0.5
"G207",1,1,1,1,1,1,1,1,1,1,0.5,0.5,0.5,0.5,0.5,0.5,0.5,0.25,0.5,0.5
"G208",1,1,1,1,1,1,1,1,1,1,0.5,1.5,0.5,0.5,0.5,0.5,0.5,0.5,0.5,0.5
"G209",1,1,1,1,1,1,1,1,1,1,1,0.5,0.25,0.5,0.25,1,0.5,0.5,0.5,1
"G210",1,1,1,1,1,1,1,1,1,1,0.25,0.5,0.5,1,0.5,0.5,0.5,0.5,1.5,0.25
"G211",1,1,1,1,1,1,1,1,1,1,0.5,0.5,0.5,0.5,0.5,0.25,0.5,1.5,0.5,0.5
"G212",1,1,1,1,1,1,1,1,1,1,0.5,0.5,0.5,0.5,0.5,0.5,0.5,0.5,1.5,0.5
"G213",1,1,1,1,1,1,1,1,1,1,0.5,0.5,0.25,0.25,0.5,0.5,0.5,0.25,0.5,0.5
"G214",1,1,1,1,1,1,1,1,1,1,0.5,0.5,0.5,0.5,0.5,0.5,0.5,0.5,0.5,0.5
"G215",1,1,1,1,1,1,1,1,1,1,0.5,0.5,0.5,1,0.25,0.5,1,0.25,0.25,0.5
"G216",1,1,1,1,1,1,1,1,1,1,0.5,0.5,0.5,0.5,0.5,0.5,0.5,0.5,1.5,0.5
"G217",1,1,1,1,1,1,1,1,1,1,0.25,0.5,0.5,0.5,0.5,1.5,0.5,0.5,0.5,0.5
"G218",1,1,1,1,1,1,1,1,1,1,0.5,0.5,0.5,0.5,0.5,0.5,0.5,0.5,0.5,0.5
"G219",1,1,1,1,1,1,1,1,1,1,1.5,0.5,0.5,0.5,0.5,0.5,0.5,0.25,0.5,1
"G220",1,1,1,1,1,1,1,1,1,1,0.25,0.5,0.5,0.5,0.25,0.5,0.5,0.5,0.5,0.5
"G221",1,1,1,1,1,1,1,1,1,1,1.5,0.5,0.5,0.5,0.5,1.5,0.5,0.5,1.5,0.5
"G222",1,1,1,1,1,1,1,1,1,1,0.25,0.5,0.25,0.5,0.25,1.5,0.5,0.5,0.5,0.5
"G223",1,1,1,1,1,1,1,1,1,1,0.5,0.5,0.5,0.5,0.5,0.5,0.5,0.25,0.25,0.5
"G224",1,1,1,1,1,1,1,1,1,1,0.5,0.25,0.5,0.5,1,0.5,0.5,0.25,1.5,0.5
"G225",1,1,1,1,1,1,1,1,1,1,1,0.5,0.5,0.5,1.5,0.5,0.5,0.5,0.5,0.25
"G226",1,1,1,1,1,1,1,1,1,1,0.5,0.5,0.25,0.5,0.5,0.5,0.5,1,0.5,0.25
"G227",1,1,1,1,1,1,1,1,1,1,1.5,1,0.5,0.5,1,0.5,0.5,0.5,0.5,0.5
"G228",1,1,1,1,1,1,1,1,1,1,0.5,1.5,1.5,1,0.25,0.5,1,0.5,0.5,1
"G229",1,1,1,1,1,1,1,1,1,1,0.25,0.5,0.5,0.5,0.5,0.5,1,1,0.25,1
"G230",1,1,1,1,1,1,1,1,1,1,0.5,1.5,1.5,1,0.5,0.5,0.5,1,0.5,0.25
"G231",1,1,1,1,1,1,1,1,1,1,0.5,0.5,0.25,1.5,0.5,0.5,0.5,0.5,0.5,1.5
"G232",1,1,1,1,1,1,1,1,1,1,0.5,0.5,0.25,1.5,0.5,0.5,0.5,0.5,0.5,0.5
"G233",1,1,1,1,1,1,1,1,1,1,1.5,1,0.5,0.5,1,0.5,0.5,1,1.5,0.5
"G234",1,1,1,1,1,1,1,1,1,1,0.5,0.5,0.5,0.5,1.5,0.5,0.5,0.25,0.5,1.5
"G235",1,1,1,1,1,1,1,1,1,1,0.5,0.5,0.5,0.25,0.5,0.5,0.5,1.5,0.5,0.5
"G236",1,1,1,1,1,1,1,1,1,1,0.25,0.5,1,0.5,0.5,0.25,0.25,0.5,0.5,0.5
"G237",1,1,1,1,1,1,1,1,1,1,0.5,1,1.5,0.25,0.25,0.5,0.5,0.5,1,0.5
"G238",1,1,1,1,1,1,1,1,1,1,1.5,0.5,0.5,0.5,0.5,1.5,0.5,0.5,1,0.5
"G239",1,1,1,1,1,1,1,1,1,1,1,0.5,0.5,1.5,0.5,0.5,0.5,0.5,0.5,0.5
"G240",1,1,1,1,1,1,1,1,1,1,0.5,1,0.5,0.5,0.5,0.5,0.5,0.5,1.5,0.5
"G241",1,1,1,1,1,1,1,1,1,1,1,0.5,0.5,0.5,0.5,0.5,0.5,0.5,0.25,0.5
"G242",1,1,1,1,1,1,1,1,1,1,0.5,0.25,0.5,0.5,1.5,0.5,0.5,0.5,0.5,0.25
"G243",1,1,1,1,1,1,1,1,1,1,0.5,0.5,0.5,0.5,0.5,0.5,1,0.25,1.5,0.5
"G244",1,1,1,1,1,1,1,1,1,1,0.5,0.5,1.5,0.5,1.5,0.5,1,0.25,0.5,0.25
"G245",1,1,1,1,1,1,1,1,1,1,1.5,1.5,0.5,0.5,1,0.5,0.5,0.5,0.5,0.5
"G246",1,1,1,1,1,1,1,1,1,1,0.5,1,0.5,0.5,0.5,0.25,0.5,0.5,0.5,0.25
"G247",1,1,1,1,1,1,1,1,1,1,0.5,0.25,0.5,0.5,0.5,0.5,0.5,0.5,0.25,0.5
"G248",1,1,1,1,1,1,1,1,1,1,1,0.5,0.5,0.5,0.5,0.5,1.5,0.5,0.5,0.5
"G249",1,1,1,1,1,1,1,1,1,1,0.5,0.5,0.25,0.5,0.5,0.5,0.5,1.5,1,0.25
"G250",1,1,1,1,1,1,1,1,1,1,0.5,0.5,0.5,1.5,1.5,0.5,0.5,0.5,0.5,0.5
"G251",1,1,1,1,1,1,1,1,1,1,0.5,0.25,0.5,0.5,0.5,0.5,0.5,0.5,0.5,0.5
"G252",1,1,1,1,1,1,1,1,1,1,0.5,1.5,0.5,0.5,0.25,0.5,1,1.5,1.5,1
"G253",1,1,1,1,1,1,1,1,1,1,0.5,0.5,0.5,0.5,0.5,0.5,0.5,0.5,0.5,0.5
"G254",1,1,1,1,1,1,1,1,1,1,0.5,0.5,1.5,0.25,0.5,1,0.5,1,0.5,0.5
"G255",1,1,1,1,1,1,1,1,1,1,1.5,0.25,0.5,0.5,0.5,0.5,0.25,1.5,0.5,1
"G256",1,1,1,1,1,1,1,1,1,1,0.5,1.5,1,0.5,0.5,0.5,0.5,1.5,0.5,0.5
"G257",1,1,1,1,1,1,1,1,1,1,0.25,0.5,0.5,0.5,0.5,0.5,0.5,0.5,1,0.5
"G258",1,1,1,1,1,1,1,1,1,1,0.25,0.5,0.5,0.5,0.5,0.25,0.5,0.25,1,1
"G259",1,1,1,1,1,1,1,1,1,1,0.5,0.5,1.5,1,0.5,0.5,0.25,0.5,0.25,0.5
"G260",1,1,1,1,1,1,1,1,1,1,0.5,0.5,1,0.5,0.5,0.5,0.5,0.5,0.5,0.25
"G261",1,1,1,1,1,1,1,1,1,1,0.5,1.5,0.5,0.5,0.5,0.5,0.5,0.5,0.5,1
"G262",1,1,1,1,1,1,1,1,1,1,1,0.5,0.5,1.5,0.5,0.5,1,0.5,0.5,0.5
"G263",1,1,1,1,1,1,1,1,1,1,0.5,0.5,0.5,0.5,1,0.25,0.25,1,0.5,0.5
"G264",1,1,1,1,1,1,1,1,1,1,0.5,1.5,0.5,0.5,0.5,1.5,0.5,0.5,0.5,0.25
"G265",1,1,1,1,1,1,1,1,1,1,0.5,1,0.5,0.5,0.5,0.5,0.5,0.5,0.5,1
"G266",1,1,1,1,1,1,1,1,1,1,0.5,0.25,0.5,0.5,0.5,0.5,0.5,0.5,0.25,0.25
"G267",1,1,1,1,1,1,1,1,1,1,1,0.25,0.5,1,0.5,0.5,0.5,0.5,1,0.5
"G268",1,1,1,1,1,1,1,1,1,1,1.5,0.5,0.5,0.5,1,1.5,0.5,1.5,0.5,0.5
"G269",1,1,1,1,1,1,1,1,1,1,0.5,0.5,0.5,1,0.5,0.5,0.25,0.5,0.5,0.5
"G270",1,1,1,1,1,1,1,1,1,1,0.5,1.5,0.5,0.25,0.5,0.5,1.5,0.5,1.5,0.25
"G271",1,1,1,1,1,1,1,1,1,1,0.5,0.5,0.5,0.5,0.5,0.5,1,0.25,0.25,0.5
"G272",1,1,1,1,1,1,1,1,1,1,0.25,0.5,0.5,0.5,0.5,0.5,0.5,0.5,0.5,0.5
"G273",1,1,1,1,1,1,1,1,1,1,0.5,0.5,1,0.5,1.5,0.5,1,0.5,0.25,0.5
"G274",1,1,1,1,1,1,1,1,1,1,0.5,0.5,0.5,0.5,0.25,0.5,0.5,1.5,0.5,0.5
"G275",1,1,1,1,1,1,1,1,1,1,1.5,0.5,1,0.5,0.5,0.5,0.5,1.5,1,0.5
"G276",1,1,1,1,1,1,1,1,1,1,0.5,0.5,0.5,0.5,0.25,0.5,0.5,0.5,1,0.5
"G277",1,1,1,1,1,1,1,1,1,1,0.5,0.5,1,0.25,0.5,1.5,0.5,1,0.5,1
"G278",1,1,1,1,1,1,1,1,1,1,0.25,0.5,0.5,0.5,0.25,0.5,0.25,0.5,0.5,1
"G279",1,1,1,1,1,1,1,1,1,1,0.5,1.5,0.5,0.5,0.5,0.5,0.5,0.5,0.5,0.5
"G280",1,1,1,1,1,1,1,1,1,1,0.5,0.5,0.5,1,0.25,1.5,0.5,0.5,0.5,0.5
"G281",1,1,1,1,1,1,1,1,1,1,0.25,0.25,0.5,1.5,1,1,0.5,0.5,0.5,0.5
"G282",1,1,1,1,1,1,1,1,1,1,0.5,0.5,0.5,0.5,0.25,0.5,0.25,0.25,0.5,0.5
"G283",1,1,1,1,1,1,1,1,1,1,0.5,0.5,0.5,0.5,0.5,1.5,0.25,0.25,0.5,0.5
"G284",1,1,1,1,1,1,1,1,1,1,1.5,0.5,1,0.25,1.5,0.5,0.5,1,0.5,0.5
"G285",1,1,1,1,1,1,1,1,1,1,0.5,0.5,0.5,0.5,0.5,0.5,0.5,0.5,0.5,0.5
"G286",1,1,1,1,1,1,1,1,1,1,0.25,0.5,0.5,0.25,1.5,0.5,0.5,0.5,0.25,0.5
"G287",1,1,1,1,1,1,1,1,1,1,0.5,1.5,1.5,1,0.5,0.5,0.5,0.5,0.5,0.5
"G288",1,1,1,1,1,1,1,1,1,1,0.5,0.5,0.5,1.5,0.5,1,0.5,0.5,0.5,0.5
"G289",1,1,1,1,1,1,1,1,1,1,1.5,0.5,0.25,1.5,0.5,0.5,0.25,0.5,0.25,0.5
"G290",1,1,1,1,1,1,1,1,1,1,0.5,1,0.5,0.5,0.5,0.5,0.5,0.5,0.5,0.5
"G291",1,1,1,1,1,1,1,1,1,1,0.5,0.5,1,0.5,0.5,0.5,0.5,0.5,0.5,0.5
"G292",1,1,1,1,1,1,1,1,1,1,0.25,0.5,0.5,0.5,0.5,1.5,1.5,1,0.5,0.5
"G293",1,1,1,1,1,1,1,1,1,1,0.5,0.25,0.5,0.5,0.5,0.25,0.5,0.5,0.5,1.5
"G294",1,1,1,1,1,1,1,1,1,1,0.5,1,0.5,0.5,0.5,0.25,1.5,0.5,1,1
"G295",1,1,1,1,1,1,1,1,1,1,1.5,0.5,0.5,0.5,0.25,0.25,1.5,0.5,0.5,1
"G296",1,1,1,1,1,1,1,1,1,1,0.5,0.5,0.5,1,0.5,0.25,1,1.5,0.5,0.5
"G297",1,1,1,1,1,1,1,1,1,1,0.5,0.5,0.5,0.25,0.5,0.5,0.5,0.5,0.5,0.5
"G298",1,1,1,1,1,1,1,1,1,1,0.5,0.5,0.5,1,1.5,0.5,1,0.5,1.5,0.5
"G299",1,1,1,1,1,1,1,1,1,1,0.5,0.5,0.5,0.5,0.25,0.25,0.5,1.5,0.5,0.5
"G300",1,1,1,1,1,1,1,1,1,1,0.5,0.5,0.5,0.5,0.5,0.5,0.5,0.5,0.5,0.25
"G301",1,1,1,1,1,1,1,1,1,1,0.5,0.5,1.5,0.5,1.5,0.5,0.5,0.5,0.25,0.5
"G302",1,1,1,1,1,1,1,1,1,1,1,0.5,0.5,0.5,0.5,1.5,0.25,0.5,0.5,0.5
"G303",1,1,1,1,1,1,1,1,1,1,0.5,1.5,1,0.5,1,0.5,0.25,0.5,1.5,1.5
"G304",1,1,1,1,1,1,1,1,1,1,0.5,0.5,0.5,1.5,0.5,0.5,1.5,0.5,0.5,0.5
"G305",1,1,1,1,1,1,1,1,1,1,0.5,0.5,0.5,0.5,0.5,0.5,0.5,0.5,0.5,1
"G306",1,1,1,1,1,1,1,1,1,1,0.5,0.25,0.5,0.5,0.5,0.5,1,1.5,0.5,0.5
"G307",1,1,1,1,1,1,1,1,1,1,0.5,1.5,0.5,0.5,0.5,0.5,0.5,0.25,0.5,0.25
"G308",1,1,1,1,1,1,1,1,1,1,0.5,0.5,0.5,0.5,0.5,0.5,0.5,1.5,0.5,0.5
"G309",1,1,1,1,1,1,1,1,1,1,0.5,0.5,1,1.5,0.5,0.5,0.5,0.5,0.5,0.5
"G310",1,1,1,1,1,1,1,1,1,1,0.25,0.25,0.5,0.5,1,0.5,1.5,0.5,0.5,1
"G311",1,1,1,1,1,1,1,1,1,1,0.5,0.5,0.5,0.5,0.5,0.25,0.5,0.5,0.5,0.25
"G312",1,1,1,1,1,1,1,1,1,1,0.5,1,0.5,0.5,0.25,1,0.5,0.5,0.5,0.5
"G313",1,1,1,1,1,1,1,1,1,1,0.5,0.5,0.5,0.5,0.5,0.5,1.5,1.5,1.5,0.25
"G314",1,1,1,1,1,1,1,1,1,1,0.5,0.5,0.25,0.25,0.5,0.5,1,0.5,0.5,0.5
"G315",1,1,1,1,1,1,1,1,1,1,0.5,0.25,0.5,0.5,0.5,0.5,1.5,0.5,0.5,1.5
"G316",1,1,1,1,1,1,1,1,1,1,0.5,0.5,0.5,0.5,0.5,0.25,0.5,0.5,0.5,0.5
"G317",1,1,1,1,1,1,1,1,1,1,0.25,0.5,0.5,0.5,0.25,0.5,1.5,0.5,0.5,0.5
"G318",1,1,1,1,1,1,1,1,1,1,0.5,0.5,1.5,0.5,0.5,0.5,0.5,0.5,0.5,1.5
"G319",1,1,1,1,1,1,1,1,1,1,1,0.5,0.5,0.5,1,0.5,0.5,0.5,0.5,0.5
"G320",1,1,1,1,1,1,1,1,1,1,0.25,0.5,0.5,0.5,0.5,1,0.5,0.5,0.5,0.25
"G321",1,1,1,1,1,1,1,1,1,1,0.5,0.5,0.5,0.5,0.5,1,0.5,0.5,1.5,0.5
"G322",1,1,1,1,1,1,1,1,1,1,0.25,0.5,0.5,0.25,0.5,0.5,0.5,0.25,0.5,1
"G323",1,1,1,1,1,1,1,1,1,1,0.5,0.5,0.5,0.25,0.5,0.5,0.5,0.5,0.25,0.5
"G324",1,1,1,1,1,1,1,1,1,1,0.5,0.25,0.5,0.5,0.5,0.5,1,0.25,1.5,0.5
"G325",1,1,1,1,1,1,1,1,1,1,0.5,0.5,0.5,0.5,0.5,0.5,0.5,0.5,0.5,0.25
"G326",1,1,1,1,1,1,1,1,1,1,1,0.5,1.5,0.5,0.5,0.25,0.5,0.5,0.5,0.5
"G327",1,1,1,1,1,1,1,1,1,1,0.5,1,1,0.25,0.5,0.5,0.5,0.5,0.5,1.5
"G328",1,1,1,1,1,1,1,1,1,1,0.5,0.5,0.5,0.5,0.5,0.5,0.5,1.5,0.5,1.5
"G329",1,1,1,1,1,1,1,1,1,1,0.5,0.5,1.5,0.5,0.5,0.5,0.5,0.5,0.5,0.5
"G330",1,1,1,1,1,1,1,1,1,1,0.5,0.5,0.5,0.5,0.5,0.5,0.25,1.5,1.5,0.25
"G331",1,1,1,1,1,1,1,1,1,1,0.5,0.5,0.5,0.5,1,0.5,0.5,1.5,0.25,0.5
"G332",1,1,1,1,1,1,1,1,1,1,0.5,1,0.5,0.5,0.5,0.5,0.5,0.5,0.5,0.5
"G333",1,1,1,1,1,1,1,1,1,1,0.5,1.5,0.5,1.5,0.25,0.5,1,1,0.25,0.5
"G334",1,1,1,1,1,1,1,1,1,1,1.5,0.5,0.5,0.5,0.5,1.5,0.5,1.5,0.5,0.5
"G335",1,1,1,1,1,1,1,1,1,1,0.5,0.5,0.5,0.5,0.5,1.5,1,1,1.5,1.5
"G336",1,1,1,1,1,1,1,1,1,1,0.5,0.5,0.5,0.5,1,0.5,1,0.25,0.5,0.5
"G337",1,1,1,1,1,1,1,1,1,1,1,0.5,0.5,0.25,0.5,0.5,0.5,1,0.5,0.5
"G338",1,1,1,1,1,1,1,1,1,1,0.5,0.5,0.5,0.5,0.5,0.5,0.5,0.5,1.5,1
"G339",1,1,1,1,1,1,1,1,1,1,0.5,1,0.5,1,0.5,0.5,1.5,0.5,0.5,0.5
"G340",1,1,1,1,1,1,1,1,1,1,0.5,0.5,0.5,1,0.25,0.5,1.5,0.5,0.25,1
"G341",1,1,1,1,1,1,1,1,1,1,0.5,0.5,0.5,1.5,0.5,0.5,0.5,0.5,1,0.25
"G342",1,1,1,1,1,1,1,1,1,1,1,0.25,0.5,0.5,0.5,0.5,0.5,0.25,0.5,0.5
"G343",1,1,1,1,1,1,1,1,1,1,0.5,1.5,0.5,0.5,0.5,0.5,0.5,0.5,1.5,0.5
"G344",1,1,1,1,1,1,1,1,1,1,0.5,0.5,0.5,0.5,1,0.5,0.5,0.5,0.25,0.5
"G345",1,1,1,1,1,1,1,1,1,1,0.5,0.25,1.5,0.5,0.5,0.5,0.5,0.5,0.25,0.5
"G346",1,1,1,1,1,1,1,1,1,1,0.5,0.5,0.5,0.5,0.5,0.5,1.5,0.5,0.25,0.5
"G347",1,1,1,1,1,1,1,1,1,1,1,0.5,0.25,0.25,0.5,0.5,0.5,0.5,0.5,0.5
"G348",1,1,1,1,1,1,1,1,1,1,0.5,0.5,0.5,0.5,0.5,0.5,0.5,0.5,0.5,0.5
"G349",1,1,1,1,1,1,1,1,1,1,1.5,0.5,0.5,0.5,0.5,0.25,1,0.5,0.5,0.5
"G350",1,1,1,1,1,1,1,1,1,1,1,0.5,0.5,0.5,0.5,1,1.5,0.5,1,1
"G351",1,1,1,1,1,1,1,1,1,1,1,0.25,0.5,0.5,0.5,0.5,0.5,1,0.5,0.5
"G352",1,1,1,1,1,1,1,1,1,1,0.5,0.5,0.5,0.5,0.5,0.5,1.5,0.5,0.5,0.5
"G353",1,1,1,1,1,1,1,1,1,1,0.5,0.5,1.5,0.5,0.5,0.5,0.5,0.5,0.5,0.5
"G354",1,1,1,1,1,1,1,1,1,1,0.5,0.5,0.5,0.5,1.5,0.5,1,0.25,0.5,1
"G355",1,1,1,1,1,1,1,1,1,1,0.5,0.5,0.5,0.5,0.5,0.25,0.5,0.5,0.5,0.5
"G356",1,1,1,1,1,1,1,1,1,1,0.5,0.5,0.25,0.5,0.5,1,1.5,0.5,0.5,0.5
"G357",1,1,1,1,1,1,1,1,1,1,0.5,0.5,0.5,0.5,0.5,0.5,0.5,0.5,0.5,0.5
"G358",1,1,1,1,1,1,1,1,1,1,0.5,1,0.5,0.5,0.5,0.5,0.25,0.5,0.5,0.25
"G359",1,1,1,1,1,1,1,1,1,1,0.5,0.5,0.5,0.5,0.25,1,0.5,0.5,0.5,0.5
"G360",1,1,1,1,1,1,1,1,1,1,1.5,0.25,0.5,0.5,1,0.5,0.5,0.5,1.5,0.5
"G361",1,1,1,1,1,1,1,1,1,1,0.5,0.5,0.5,0.5,0.5,0.5,0.5,1.5,0.5,0.5
"G362",1,1,1,1,1,1,1,1,1,1,0.5,1.5,0.5,0.5,0.5,0.5,0.5,0.5,0.5,0.5
"G363",1,1,1,1,1,1,1,1,1,1,0.5,0.25,0.5,0.5,1,0.5,0.5,1,0.5,0.5
"G364",1,1,1,1,1,1,1,1,1,1,0.5,0.5,0.25,1.5,0.5,0.5,0.5,0.5,0.5,1.5
"G365",1,1,1,1,1,1,1,1,1,1,0.25,0.5,0.5,0.5,0.5,0.5,0.5,0.5,0.25,0.5
"G366",1,1,1,1,1,1,1,1,1,1,0.5,0.5,0.5,0.5,0.5,0.5,0.5,0.5,1,1
"G367",1,1,1,1,1,1,1,1,1,1,1,0.5,0.5,0.5,0.5,0.5,1,1.5,0.5,0.5
"G368",1,1,1,1,1,1,1,1,1,1,0.5,0.5,0.5,0.5,0.5,1.5,1.5,0.5,1.5,1
"G369",1,1,1,1,1,1,1,1,1,1,0.5,0.5,1,0.5,0.5,0.5,0.5,0.5,0.5,0.25
"G370",1,1,1,1,1,1,1,1,1,1,0.5,0.5,1.5,0.5,0.5,0.5,1,0.5,0.5,0.25
"G371",1,1,1,1,1,1,1,1,1,1,0.5,1,1,0.25,0.5,1.5,0.5,1.5,0.5,0.5
"G372",1,1,1,1,1,1,1,1,1,1,0.5,0.5,0.5,0.5,0.25,0.5,0.5,0.25,0.5,0.25
"G373",1,1,1,1,1,1,1,1,1,1,0.5,0.5,1.5,0.5,1.5,1.5,0.5,0.5,1.5,0.5
"G374",1,1,1,1,1,1,1,1,1,1,0.5,0.5,0.5,0.5,0.5,0.5,0.5,0.5,1,0.5
"G375",1,1,1,1,1,1,1,1,1,1,0.5,0.5,0.5,0.5,0.5,0.5,0.5,1,0.5,0.5
"G376",1,1,1,1,1,1,1,1,1,1,0.5,0.5,0.5,0.25,1,0.5,0.5,1.5,0.5,0.5
"G377",1,1,1,1,1,1,1,1,1,1,0.5,0.5,0.5,0.5,1.5,0.5,0.5,0.5,0.5,0.5
"G378",1,1,1,1,1,1,1,1,1,1,0.5,0.5,0.5,0.5,1,0.5,0.25,0.5,0.5,0.5
"G379",1,1,1,1,1,1,1,1,1,1,0.5,0.5,0.5,0.5,0.5,1.5,0.5,0.5,0.5,0.5
"G380",1,1,1,1,1,1,1,1,1,1,0.5,0.5,0.5,1,1.5,0.5,0.5,0.25,0.5,0.5
"G381",1,1,1,1,1,1,1,1,1,1,0.5,0.25,0.5,0.5,1,0.5,0.5,0.5,0.5,0.5
"G382",1,1,1,1,1,1,1,1,1,1,0.5,0.5,0.5,0.5,0.5,0.5,1.5,0.5,0.5,0.5
"G383",1,1,1,1,1,1,1,1,1,1,1.5,0.5,0.5,0.5,1.5,0.5,0.5,0.5,0.5,0.5
"G384",1,1,1,1,1,1,1,1,1,1,0.5,0.5,0.5,0.5,1,1.5,0.5,0.5,0.5,1.5
"G385",1,1,1,1,1,1,1,1,1,1,0.5,0.25,1.5,0.5,0.25,1,0.5,0.5,0.5,0.5
"G386",1,1,1,1,1,1,1,1,1,1,0.5,1,0.5,1,0.5,0.5,1.5,0.5,0.25,0.5
"G387",1,1,1,1,1,1,1,1,1,1,0.5,0.5,0.5,1.5,1.5,0.5,0.5,0.5,1.5,0.25
"G388",1,1,1,1,1,1,1,1,1,1,0.5,0.5,0.5,0.5,0.5,0.5,0.5,1.5,0.5,1
"G389",1,1,1,1,1,1,1,1,1,1,0.5,0.5,0.25,0.5,0.5,0.5,0.5,0.5,0.5,0.5
"G390",1,1,1,1,1,1,1,1,1,1,0.5,0.5,1,0.5,1.5,0.5,0.5,0.5,0.5,0.5
"G391",1,1,1,1,1,1,1,1,1,1,1.5,1.5,1.5,0.5,0.25,0.5,0.5,0.5,0.5,0.5
"G392",1,1,1,1,1,1,1,1,1,1,0.5,0.5,0.5,0.5,0.5,0.5,1,0.5,0.5,1.5
"G393",1,1,1,1,1,1,1,1,1,1,1.5,0.5,1,0.5,0.5,1.5,0.5,0.25,1.5,0.5
"G394",1,1,1,1,1,1,1,1,1,1,0.5,0.25,0.5,1,0.25,0.5,0.5,0.25,0.5,0.5
"G395",1,1,1,1,1,1,1,1,1,1,0.5,0.5,0.25,1,1.5,1.5,0.5,0.25,0.5,0.5
"G396",1,1,1,1,1,1,1,1,1,1,1.5,1.5,0.5,0.5,0.5,0.25,0.5,0.5,0.5,0.5
"G397",1,1,1,1,1,1,1,1,1,1,0.5,0.5,1.5,0.5,1,0.5,0.5,0.5,0.5,0.5
"G398",1,1,1,1,1,1,1,1,1,1,0.5,0.5,0.5,0.5,1,0.5,0.25,1.5,0.5,1
"G399",1,1,1,1,1,1,1,1,1,1,0.5,0.5,0.5,0.25,0.5,0.25,0.5,0.5,0.5,0.5
"G400",1,1,1,1,1,1,1,1,1,1,1.5,1,0.5,0.5,0.5,0.5,0.25,0.5,0.25,0.5
"G401",1,1,1,1,1,1,1,1,1,1,1,1,2,2,1,1.5,0.5,1,1,1
"G402",1,1,1,1,1,1,1,1,1,1,1.5,1,1,1,1,1,2,1,1,2
"G403",1,1,1,1,1,1,1,1,1,1,1,1,1,1,1,1,1,1.5,1,1
"G404",1,1,1,1,1,1,1,1,1,1,1,1,1.5,1,1,1,1,1,1,1
"G405",1,1,1,1,1,1,1,1,1,1,0.5,1,2,1,1,1,0.5,2,2,0.5
"G406",1,1,1,1,1,1,1,1,1,1,1,1,1,1,1,1,1,1,1,1
"G407",1,1,1,1,1,1,1,1,1,1,1,1,2,1,1,1,1,1,1,1
"G408",1,1,1,1,1,1,1,1,1,1,1,1,2,1,0.5,2,1,1.5,1,2
"G409",1,1,1,1,1,1,1,1,1,1,1,2,1,1.5,1,1,1,1,1,1
"G410",1,1,1,1,1,1,1,1,1,1,2,2,1,1,1,0.5,0.5,2,1,1
"G411",1,1,1,1,1,1,1,1,1,1,2,1.5,1,0.5,1,1,0.5,1.5,1,1
"G412",1,1,1,1,1,1,1,1,1,1,1,1,2,1,1.5,1,0.5,1,1,0.5
"G413",1,1,1,1,1,1,1,1,1,1,1,1,1,2,2,1,1,1,1,1
"G414",1,1,1,1,1,1,1,1,1,1,1,1,1,1,1,1,1,1,1,1
"G415",1,1,1,1,1,1,1,1,1,1,1,1,1,2,1.5,1,1,1,1,1
"G416",1,1,1,1,1,1,1,1,1,1,1.5,1.5,1,1,1.5,1.5,1,1,1,1
"G417",1,1,1,1,1,1,1,1,1,1,1,1,1,0.5,1,2,1,2,1,1
"G418",1,1,1,1,1,1,1,1,1,1,1,1,1,2,1,1,1.5,1,1,1
"G419",1,1,1,1,1,1,1,1,1,1,1,0.5,1,1,1,0.5,1,1,2,1
"G420",1,1,1,1,1,1,1,1,1,1,1,0.5,1,1,2,1.5,1,2,1,1
"G421",1,1,1,1,1,1,1,1,1,1,1,2,1.5,1,2,2,2,1,2,1.5
"G422",1,1,1,1,1,1,1,1,1,1,1,2,1,1,1,2,1,1,1,1.5
"G423",1,1,1,1,1,1,1,1,1,1,0.5,1,1,1,1,2,1,1,1,1.5
"G424",1,1,1,1,1,1,1,1,1,1,1,1,1,1,0.5,0.5,1,1,1.5,1
"G425",1,1,1,1,1,1,1,1,1,1,1,1,1,1,1,1,1,1,2,1
"G426",1,1,1,1,1,1,1,1,1,1,1,1,1,1,1,2,1,1.5,1.5,2
"G427",1,1,1,1,1,1,1,1,1,1,1,1,1,1,1,0.5,1,1,1.5,1
"G428",1,1,1,1,1,1,1,1,1,1,1,1,2,2,1,1.5,1.5,2,1,1
"G429",1,1,1,1,1,1,1,1,1,1,1,1,1,1,1,1,1,1,2,1
"G430",1,1,1,1,1,1,1,1,1,1,1,1,1,1,1.5,1.5,1,1,1,1.5
"G431",1,1,1,1,1,1,1,1,1,1,1,1,1,0.5,1,1,1.5,1.5,1,1
"G432",1,1,1,1,1,1,1,1,1,1,1,1,1,1,1,0.5,2,1,1,2
"G433",1,1,1,1,1,1,1,1,1,1,2,1,1,1,1,1.5,1,2,1,1
"G434",1,1,1,1,1,1,1,1,1,1,1,1,1,1,1,1,1,2,1,0.5
"G435",1,1,1,1,1,1,1,1,1,1,1,1,1.5,1.5,1,1,1,1.5,2,1
"G436",1,1,1,1,1,1,1,1,1,1,1,0.5,1,2,1,1,0.5,1,1,1
"G437",1,1,1,1,1,1,1,1,1,1,1.5,1,1,1,1,1,1,0.5,1,1
"G438",1,1,1,1,1,1,1,1,1,1,1,1,1,0.5,1,0.5,1,1,1,1
"G439",1,1,1,1,1,1,1,1,1,1,1,1,1.5,1,1,1,1,1,1,1
"G440",1,1,1,1,1,1,1,1,1,1,1,1,1.5,1,1,2,1,1,1,0.5
"G441",1,1,1,1,1,1,1,1,1,1,1,2,1.5,0.5,1,1,1.5,1,1.5,1.5
"G442",1,1,1,1,1,1,1,1,1,1,1,1,1,0.5,1,1.5,2,1,1,1
"G443",1,1,1,1,1,1,1,1,1,1,1,0.5,1,1,1,1,1,1.5,1,1
"G444",1,1,1,1,1,1,1,1,1,1,1,1,1,1,2,1.5,1.5,1,1,1
"G445",1,1,1,1,1,1,1,1,1,1,1.5,2,1,1.5,1.5,1,1,1,1,1
"G446",1,1,1,1,1,1,1,1,1,1,1,1,1,0.5,1,1,1,1,1,1
"G447",1,1,1,1,1,1,1,1,1,1,2,2,1,1.5,1.5,1,1,1,1,1.5
"G448",1,1,1,1,1,1,1,1,1,1,0.5,1,1,1,0.5,0.5,1.5,1,0.5,2
"G449",1,1,1,1,1,1,1,1,1,1,1,1,1,0.5,1.5,1,1,1,1,1.5
"G450",1,1,1,1,1,1,1,1,1,1,1,2,1,1,1,1,1,1,0.5,2
"G451",1,1,1,1,1,1,1,1,1,1,1,1,1,1,2,2,1,1,1,1
"G452",1,1,1,1,1,1,1,1,1,1,1,1,1,1,1,1,1,1.5,1.5,1
"G453",1,1,1,1,1,1,1,1,1,1,1,1,1,1.5,1,2,1,2,1,1
"G454",1,1,1,1,1,1,1,1,1,1,1,1,1,1.5,1,1,1,1,1,1
"G455",1,1,1,1,1,1,1,1,1,1,1.5,1,1,1,1,1,1,1,2,1
"G456",1,1,1,1,1,1,1,1,1,1,1,1.5,1,1,1,1.5,1,1,1.5,1
"G457",1,1,1,1,1,1,1,1,1,1,2,1,1.5,0.5,1.5,1,0.5,1.5,0.5,1
"G458",1,1,1,1,1,1,1,1,1,1,0.5,1,1,1,0.5,1,1,1,1,1
"G459",1,1,1,1,1,1,1,1,1,1,1,1,1,1,1,1,1,1,1,1
"G460",1,1,1,1,1,1,1,1,1,1,1,1,1,1,1.5,1.5,1,1,1,2
"G461",1,1,1,1,1,1,1,1,1,1,1,1,2,1,1,1,1.5,1,2,0.5
"G462",1,1,1,1,1,1,1,1,1,1,1,1,1,1,1,1,1,0.5,1,1
"G463",1,1,1,1,1,1,1,1,1,1,1,1,2,1,1,1,1,1,1,1
"G464",1,1,1,1,1,1,1,1,1,1,1,1,1,2,2,1,1,1,1,2
"G465",1,1,1,1,1,1,1,1,1,1,1,1,1.5,1,1,1,1,1,1,1
"G466",1,1,1,1,1,1,1,1,1,1,1,1,1,1,1.5,1,1,1,1,1
"G467",1,1,1,1,1,1,1,1,1,1,2,1,2,1,1.5,1.5,1,1,2,1
"G468",1,1,1,1,1,1,1,1,1,1,0.5,1,1,1,1.5,2,1,0.5,1,1
"G469",1,1,1,1,1,1,1,1,1,1,1,1,1,1.5,2,0.5,2,1,1,2
"G470",1,1,1,1,1,1,1,1,1,1,1,0.5,1,1,1,2,1,1,1,1.5
"G471",1,1,1,1,1,1,1,1,1,1,1,1,1,1,1,1.5,1.5,1,2,1
"G472",1,1,1,1,1,1,1,1,1,1,1,1,1,2,1,1,1.5,1,2,1
"G473",1,1,1,1,1,1,1,1,1,1,1,1,1,1,0.5,1,1,1,1.5,1
"G474",1,1,1,1,1,1,1,1,1,1,2,1,1,1,1,1,0.5,2,1,0.5
"G475",1,1,1,1,1,1,1,1,1,1,1,1.5,1,1,1.5,2,1,1,0.5,2
"G476",1,1,1,1,1,1,1,1,1,1,1,1,1,1.5,1,1,1,1,1,1
"G477",1,1,1,1,1,1,1,1,1,1,1,1,1,1,1,1.5,1,0.5,1,2
"G478",1,1,1,1,1,1,1,1,1,1,0.5,2,1,1.5,0.5,1,0.5,0.5,1.5,1
"G479",1,1,1,1,1,1,1,1,1,1,1,0.5,0.5,1,1,2,0.5,1.5,1,0.5
"G480",1,1,1,1,1,1,1,1,1,1,1,0.5,1,0.5,1,1,1,1,2,1
"G481",1,1,1,1,1,1,1,1,1,1,1,1,1,1,2,0.5,1.5,1,1,1
"G482",1,1,1,1,1,1,1,1,1,1,1,1,1,1,1.5,1,1,2,1,1
"G483",1,1,1,1,1,1,1,1,1,1,1,1,1,1,1,1,1,1,1,1
"G484",1,1,1,1,1,1,1,1,1,1,1,1,1,1,2,1,1,1,0.5,0.5
"G485",1,1,1,1,1,1,1,1,1,1,1,1.5,1,1.5,1,0.5,2,1,1,1
"G486",1,1,1,1,1,1,1,1,1,1,1.5,1,1,1,1,1,1.5,1,1,2
"G487",1,1,1,1,1,1,1,1,1,1,1.5,1,1.5,1,1,1,1,1,1,2
"G488",1,1,1,1,1,1,1,1,1,1,1,1,1,1,1,1,1,1,1,1
"G489",1,1,1,1,1,1,1,1,1,1,1,1,1,1,2,1,1,2,1.5,1
"G490",1,1,1,1,1,1,1,1,1,1,1,1,1,0.5,1,1,2,2,1,1
"G491",1,1,1,1,1,1,1,1,1,1,1,1,2,1,1,1,1,1,2,1
"G492",1,1,1,1,1,1,1,1,1,1,1,1,1,1.5,2,1,1,1,1,1
"G493",1,1,1,1,1,1,1,1,1,1,2,1,1.5,0.5,2,1,1.5,1,1,1
"G494",1,1,1,1,1,1,1,1,1,1,1,1,1,1,1,1,0.5,2,1.5,1
"G495",1,1,1,1,1,1,1,1,1,1,1,1,1,1,1,1,0.5,1,1,1
"G496",1,1,1,1,1,1,1,1,1,1,0.5,1,1,1,1,1,1,1,1,1.5
"G497",1,1,1,1,1,1,1,1,1,1,2,1,1,1,1,2,1,1,1,1
"G498",1,1,1,1,1,1,1,1,1,1,2,1.5,2,2,0.5,1,1,1,1,1
"G499",1,1,1,1,1,1,1,1,1,1,1,1,1,1.5,1,1,1,2,1,1
"G500",1,1,1,1,1,1,1,1,1,1,1.5,1,1,0.5,1,1,1,1,1,1
"G501",1,1,1,1,1,1,1,1,1,1,1,1.5,1,1.5,1.5,1,1.5,1,2,1
"G502",1,1,1,1,1,1,1,1,1,1,1,1,1,2,1,1,1,1,1,1
"G503",1,1,1,1,1,1,1,1,1,1,1,2,1,1,1,1,1,1,1,1
"G504",1,1,1,1,1,1,1,1,1,1,1,1,2,1,2,2,1,0.5,1.5,1
"G505",1,1,1,1,1,1,1,1,1,1,1,1,1,2,2,2,1,2,1,2
"G506",1,1,1,1,1,1,1,1,1,1,1,1,1,1,1,1,2,1,2,2
"G507",1,1,1,1,1,1,1,1,1,1,1,1,1,2,1,2,1,1,1,1
"G508",1,1,1,1,1,1,1,1,1,1,1.5,1,1.5,1,1,1,1,1,1,1
"G509",1,1,1,1,1,1,1,1,1,1,2,1,1,1,1,1,2,1,1.5,0.5
"G510",1,1,1,1,1,1,1,1,1,1,2,1,2,1,2,0.5,2,0.5,1,1
"G511",1,1,1,1,1,1,1,1,1,1,1,1.5,1,1,1,1,1.5,1,0.5,1
"G512",1,1,1,1,1,1,1,1,1,1,0.5,1,1,1,1.5,1,1,1,1.5,1
"G513",1,1,1,1,1,1,1,1,1,1,1.5,1,1,2,1,1,1,1,1,1
"G514",1,1,1,1,1,1,1,1,1,1,1,1,2,2,1,0.5,1,1,1,1
"G515",1,1,1,1,1,1,1,1,1,1,1,1,1,1,1,1,1,1,0.5,1.5
"G516",1,1,1,1,1,1,1,1,1,1,0.5,1,1,1.5,0.5,0.5,1,1,1,1
"G517",1,1,1,1,1,1,1,1,1,1,1,1,1,1,2,1,2,0.5,1,1
"G518",1,1,1,1,1,1,1,1,1,1,1,1,1,1,1,2,1,1.5,1,1
"G519",1,1,1,1,1,1,1,1,1,1,1,1,1,0.5,1,2,1,1,1,0.5
"G520",1,1,1,1,1,1,1,1,1,1,1,0.5,0.5,1,1,1,1,1.5,1,1
"G521",1,1,1,1,1,1,1,1,1,1,1,1,0.5,0.5,1,1,1,1,1,1
"G522",1,1,1,1,1,1,1,1,1,1,1,1,2,1,1,1,2,1,1,1
"G523",1,1,1,1,1,1,1,1,1,1,1,2,1,1,0.5,1,1,1,1,1
"G524",1,1,1,1,1,1,1,1,1,1,1,0.5,1,1,0.5,1,1,0.5,1,1
"G525",1,1,1,1,1,1,1,1,1,1,1,1,1,0.5,2,1,1,2,1,1
"G526",1,1,1,1,1,1,1,1,1,1,1,1.5,1,0.5,1,2,2,2,1,1
"G527",1,1,1,1,1,1,1,1,1,1,1,1,0.5,1,1,1,1,1,1,1
"G528",1,1,1,1,1,1,1,1,1,1,1,1.5,1,2,2,0.5,1,1,1,1
"G529",1,1,1,1,1,1,1,1,1,1,1,0.5,1,2,1,1,1,1,1,1
"G530",1,1,1,1,1,1,1,1,1,1,0.5,1,1,1,1,1,1.5,1,1,1
"G531",1,1,1,1,1,1,1,1,1,1,2,1,1,1,1,1,1,1,2,1
"G532",1,1,1,1,1,1,1,1,1,1,1,1,2,1,0.5,1.5,1,0.5,0.5,1
"G533",1,1,1,1,1,1,1,1,1,1,1,0.5,1,1,1,1,1,2,1,1
"G534",1,1,1,1,1,1,1,1,1,1,2,1,1,1,1,1,1,1,1,1
"G535",1,1,1,1,1,1,1,1,1,1,1,1,1,1,1,2,1,2,2,1
"G536",1,1,1,1,1,1,1,1,1,1,1.5,0.5,1.5,1,1,1,1,1,1,1
"G537",1,1,1,1,1,1,1,1,1,1,1,1.5,1,1,0.5,1.5,1,1,1,1
"G538",1,1,1,1,1,1,1,1,1,1,1,1,1,1.5,1,1.5,1,1.5,2,1
"G539",1,1,1,1,1,1,1,1,1,1,1.5,1,1,1,1,1,1,2,1,1.5
"G540",1,1,1,1,1,1,1,1,1,1,1,1,1,1,0.5,2,2,1,1.5,2
"G541",1,1,1,1,1,1,1,1,1,1,1,1,1,1,1,1,2,1.5,1,1
"G542",1,1,1,1,1,1,1,1,1,1,1,1,1,1,1,1,1,1,0.5,1
"G543",1,1,1,1,1,1,1,1,1,1,1,2,1.5,1.5,1,1,2,1,1,1
"G544",1,1,1,1,1,1,1,1,1,1,1,1,1.5,1,0.5,1,1,1,1,1
"G545",1,1,1,1,1,1,1,1,1,1,2,1,1,2,2,1,1,1.5,1,1
"G546",1,1,1,1,1,1,1,1,1,1,1,1,0.5,1,1,1,1,1,1,1
"G547",1,1,1,1,1,1,1,1,1,1,1,1,1,0.5,1,2,1,1,1,0.5
"G548",1,1,1,1,1,1,1,1,1,1,1,1,1,1,1.5,2,1,1,1,1.5
"G549",1,1,1,1,1,1,1,1,1,1,1,1,1,1,1,1.5,1,1,1,2
"G550",1,1,1,1,1,1,1,1,1,1,0.5,1,2,1.5,0.5,1,0.5,1,1,1
"G551",1,1,1,1,1,1,1,1,1,1,1,2,1,1,1,1,1.5,1.5,1,1
"G552",1,1,1,1,1,1,1,1,1,1,1,2,1,1,1,1,1,1,2,1
"G553",1,1,1,1,1,1,1,1,1,1,1,1,1,1,1,1,1,1,1,1
"G554",1,1,1,1,1,1,1,1,1,1,1,1,1,0.5,0.5,1,1,1.5,1,1
"G555",1,1,1,1,1,1,1,1,1,1,0.5,1.5,2,1,1.5,1,0.5,1.5,1,1
"G556",1,1,1,1,1,1,1,1,1,1,1,1,1.5,1,1,1,2,1,1,2
"G557",1,1,1,1,1,1,1,1,1,1,1,1,1,1,2,1,2,1,1,1
"G558",1,1,1,1,1,1,1,1,1,1,1,1,1,2,0.5,1,1,1,1,1.5
"G559",1,1,1,1,1,1,1,1,1,1,1,1,2,1,0.5,0.5,1,1,2,1
"G560",1,1,1,1,1,1,1,1,1,1,1,1.5,1,1,1,2,1,1,0.5,1
"G561",1,1,1,1,1,1,1,1,1,1,1,0.5,1,2,1,1,1,1,1,1
"G562",1,1,1,1,1,1,1,1,1,1,1,1,1,1,1,1,1,1,1,2
"G563",1,1,1,1,1,1,1,1,1,1,1,1,2,1,1,1,1,1.5,2,1
"G564",1,1,1,1,1,1,1,1,1,1,1,0.5,1,1,1,1,2,1,2,1
"G565",1,1,1,1,1,1,1,1,1,1,1,1,1,2,1,1,1,1,1,1
"G566",1,1,1,1,1,1,1,1,1,1,1,1,1.5,1,1,1.5,1,2,1,1
"G567",1,1,1,1,1,1,1,1,1,1,1,1,1,1,1,1,1,1,1,2
"G568",1,1,1,1,1,1,1,1,1,1,1,1,1,1,1.5,1,1,1,1,0.5
"G569",1,1,1,1,1,1,1,1,1,1,1.5,1,1,1,0.5,1,1.5,1,1,1
"G570",1,1,1,1,1,1,1,1,1,1,1,1,1,1,1,1,1,1,1,1
"G571",1,1,1,1,1,1,1,1,1,1,1,1,2,1,1,1,1,1,2,1
"G572",1,1,1,1,1,1,1,1,1,1,1,1,1,1,0.5,1,1.5,1,1,1
"G573",1,1,1,1,1,1,1,1,1,1,1,2,1,0.5,1,2,1,1,2,1
"G574",1,1,1,1,1,1,1,1,1,1,2,1,1,1,1,1,1,2,1,1.5
"G575",1,1,1,1,1,1,1,1,1,1,1,1,1,1,1,1,1,1,1,1
"G576",1,1,1,1,1,1,1,1,1,1,1,2,2,1,2,1,1,1,1,1
"G577",1,1,1,1,1,1,1,1,1,1,1,1,2,1,1,1,2,1,1,1
"G578",1,1,1,1,1,1,1,1,1,1,1,1,1,1,1,1,1,1,1.5,1
"G579",1,1,1,1,1,1,1,1,1,1,1,1,1,1,2,1,1,1,1.5,1
"G580",1,1,1,1,1,1,1,1,1,1,0.5,1,1,1.5,1,1,1,1,2,1
"G581",1,1,1,1,1,1,1,1,1,1,1,1,1,1.5,1,1,1,1,1,1
"G582",1,1,1,1,1,1,1,1,1,1,1.5,1,1,0.5,1.5,1.5,1,1,1,1
"G583",1,1,1,1,1,1,1,1,1,1,0.5,1,2,1.5,1,0.5,1,1,1,1
"G584",1,1,1,1,1,1,1,1,1,1,1,2,1,1,0.5,1.5,1,1,1.5,1
"G585",1,1,1,1,1,1,1,1,1,1,1,1,1,1,1,1,1,1,0.5,0.5
"G586",1,1,1,1,1,1,1,1,1,1,1,1,1,1,1,1,2,2,1.5,0.5
"G587",1,1,1,1,1,1,1,1,1,1,1,1,1,1,1,1,1,1,1.5,1
"G588",1,1,1,1,1,1,1,1,1,1,1.5,1,1,1,1,1,1,1,1.5,0.5
"G589",1,1,1,1,1,1,1,1,1,1,1,1,1,1,1,0.5,1,1,1,1
"G590",1,1,1,1,1,1,1,1,1,1,1.5,1,2,1,1,1,1,1,1,1.5
"G591",1,1,1,1,1,1,1,1,1,1,2,1,1,1,1,0.5,1.5,1,1,0.5
"G592",1,1,1,1,1,1,1,1,1,1,2,0.5,1,0.5,1,1.5,1,1,1,1
"G593",1,1,1,1,1,1,1,1,1,1,1,1,1,1,1,1,2,0.5,2,1
"G594",1,1,1,1,1,1,1,1,1,1,1.5,1.5,1,1,1,1,2,1,1,1
"G595",1,1,1,1,1,1,1,1,1,1,1,1,0.5,1,2,1.5,2,1,0.5,1
"G596",1,1,1,1,1,1,1,1,1,1,1,1,1,1,1,1,1,1,1,1
"G597",1,1,1,1,1,1,1,1,1,1,1,1,1,2,1,1,1,1,1,1
"G598",1,1,1,1,1,1,1,1,1,1,2,1.5,1,1,1,1,1,1.5,0.5,1
"G599",1,1,1,1,1,1,1,1,1,1,1,1,1,1,1,1,1,1,1,1.5
"G600",1,1,1,1,1,1,1,1,1,1,1,2,1,1,1,1,1,1,1.5,1
"G601",1,1,1,1,1,1,1,1,1,1,1.5,1.5,2,1,1.5,1,1.5,1.5,1.5,1
"G602",1,1,1,1,1,1,1,1,1,1,1,1.5,1,0.5,1.5,1.5,2,1,0.5,1.5
"G603",1,1,1,1,1,1,1,1,1,1,0.5,2,1.5,1.5,1,1.5,1,1.5,1,1.5
"G604",1,1,1,1,1,1,1,1,1,1,1.5,1.5,1,1.5,1.5,1.5,1.5,1,1.5,1.5
"G605",1,1,1,1,1,1,1,1,1,1,1,1.5,1,2,1.5,0.5,1.5,1.5,1.5,1.5
"G606",1,1,1,1,1,1,1,1,1,1,2,1.5,1.5,1.5,1,1.5,1,1.5,1.5,1.5
"G607",1,1,1,1,1,1,1,1,1,1,0.5,1.5,1.5,1,2,1,1.5,1,1,1.5
"G608",1,1,1,1,1,1,1,1,1,1,1.5,1,1.5,1.5,1.5,1,1.5,1,1.5,1
"G609",1,1,1,1,1,1,1,1,1,1,1.5,1,1.5,2,1,1,1,1.5,1.5,1.5
"G610",1,1,1,1,1,1,1,1,1,1,1.5,1.5,0.5,1.5,1.5,1.5,1.5,1.5,1.5,1
"G611",1,1,1,1,1,1,1,1,1,1,1.5,1,1,1.5,1.5,1.5,1,1.5,1.5,2
"G612",1,1,1,1,1,1,1,1,1,1,1.5,1.5,1,1,1,1,2,1.5,1,1.5
"G613",1,1,1,1,1,1,1,1,1,1,1,1.5,1.5,1.5,1.5,1.5,1.5,1,2,2
"G614",1,1,1,1,1,1,1,1,1,1,1.5,1.5,1,1,1,1.5,1,1,1.5,1.5
"G615",1,1,1,1,1,1,1,1,1,1,1.5,1,1,1.5,1.5,1.5,1.5,1.5,1.5,1.5
"G616",1,1,1,1,1,1,1,1,1,1,1,1.5,2,1.5,1.5,2,1.5,1.5,1.5,1.5
"G617",1,1,1,1,1,1,1,1,1,1,1.5,1,1,1.5,1.5,1.5,1,1.5,1,1.5
"G618",1,1,1,1,1,1,1,1,1,1,1.5,1.5,1.5,1,1.5,2,1.5,1.5,1,1.5
"G619",1,1,1,1,1,1,1,1,1,1,1.5,1,1.5,1.5,1.5,1.5,1.5,1.5,1,1.5
"G620",1,1,1,1,1,1,1,1,1,1,1,1.5,1.5,1.5,1.5,1.5,1.5,1.5,0.5,1.5
"G621",1,1,1,1,1,1,1,1,1,1,1.5,1.5,1,1.5,1,1.5,1.5,1.5,1,1
"G622",1,1,1,1,1,1,1,1,1,1,1,1.5,1.5,1.5,1.5,1,1,1.5,1.5,0.5
"G623",1,1,1,1,1,1,1,1,1,1,1.5,1.5,1.5,1,1,1,1.5,1.5,1,1.5
"G624",1,1,1,1,1,1,1,1,1,1,1.5,1.5,1.5,1.5,0.5,2,1,1.5,1.5,1
"G625",1,1,1,1,1,1,1,1,1,1,1.5,1.5,1,1.5,1.5,1,1.5,1.5,1,1.5
"G626",1,1,1,1,1,1,1,1,1,1,1,1,1,1.5,0.5,1.5,1,1,1,1.5
"G627",1,1,1,1,1,1,1,1,1,1,1,1,1.5,1.5,1.5,1,1.5,1,1.5,2
"G628",1,1,1,1,1,1,1,1,1,1,1.5,1.5,1.5,1,1.5,1.5,2,1,1.5,1
"G629",1,1,1,1,1,1,1,1,1,1,1.5,2,1.5,1.5,1.5,1,1.5,1,1,1
"G630",1,1,1,1,1,1,1,1,1,1,1.5,2,1.5,1.5,1.5,1.5,2,1.5,1.5,1.5
"G631",1,1,1,1,1,1,1,1,1,1,1,1.5,1.5,1.5,1.5,1.5,1.5,0.5,1.5,1.5
"G632",1,1,1,1,1,1,1,1,1,1,1.5,1.5,1,1.5,1,1,1.5,1,1.5,1.5
"G633",1,1,1,1,1,1,1,1,1,1,2,1.5,2,1,2,1,1.5,1,1.5,0.5
"G634",1,1,1,1,1,1,1,1,1,1,1.5,1.5,1.5,1,1.5,1,1.5,0.5,1.5,1.5
"G635",1,1,1,1,1,1,1,1,1,1,0.5,1.5,1,1,1,1.5,1.5,1.5,1,1
"G636",1,1,1,1,1,1,1,1,1,1,1.5,1,1,1.5,1.5,1.5,1.5,1.5,0.5,1.5
"G637",1,1,1,1,1,1,1,1,1,1,1.5,1.5,2,1,1.5,1,1.5,1,1.5,1
"G638",1,1,1,1,1,1,1,1,1,1,1,1.5,1.5,1,1,1.5,1.5,1.5,1.5,1.5
"G639",1,1,1,1,1,1,1,1,1,1,1,1,1,1.5,1,1.5,1,1,1.5,1
"G640",1,1,1,1,1,1,1,1,1,1,1,1,1.5,2,1.5,1.5,0.5,1.5,1,2
"G641",1,1,1,1,1,1,1,1,1,1,1,1.5,1.5,1.5,1,1.5,1,1,2,0.5
"G642",1,1,1,1,1,1,1,1,1,1,1,1.5,1,1.5,1.5,1.5,1.5,1,1,1.5
"G643",1,1,1,1,1,1,1,1,1,1,1.5,1.5,1,1,1.5,1,1,1.5,1,1.5
"G644",1,1,1,1,1,1,1,1,1,1,1,1,1.5,1.5,1,1.5,1.5,1.5,1.5,1.5
"G645",1,1,1,1,1,1,1,1,1,1,1.5,1,2,1.5,1.5,1,1.5,2,1,1.5
"G646",1,1,1,1,1,1,1,1,1,1,1,0.5,1.5,1.5,2,1,1.5,1,1,2
"G647",1,1,1,1,1,1,1,1,1,1,1.5,1,1.5,1.5,1,1.5,1.5,1.5,1.5,1.5
"G648",1,1,1,1,1,1,1,1,1,1,1.5,1.5,1.5,1,1.5,1,1.5,1,1.5,1.5
"G649",1,1,1,1,1,1,1,1,1,1,1.5,1.5,1.5,1.5,1.5,1.5,1,1.5,1,1
"G650",1,1,1,1,1,1,1,1,1,1,1,1,2,0.5,1.5,1,1.5,1.5,1.5,1.5
"G651",1,1,1,1,1,1,1,1,1,1,1.5,1,1,1.5,1,1.5,1.5,1.5,1,1
"G652",1,1,1,1,1,1,1,1,1,1,1.5,1.5,2,1,1.5,1,1,1.5,1.5,0.5
"G653",1,1,1,1,1,1,1,1,1,1,2,1,1.5,1.5,1.5,1.5,1,1,1.5,1
"G654",1,1,1,1,1,1,1,1,1,1,1.5,1,1,1.5,1.5,1.5,0.5,1.5,2,1.5
"G655",1,1,1,1,1,1,1,1,1,1,1.5,2,1.5,1.5,1.5,1.5,1,1,1.5,1
"G656",1,1,1,1,1,1,1,1,1,1,1.5,1,0.5,2,1,1.5,1.5,1,1,1
"G657",1,1,1,1,1,1,1,1,1,1,1,1,1,1,1.5,1.5,1.5,1.5,1,1.5
"G658",1,1,1,1,1,1,1,1,1,1,2,1.5,1,1.5,1,1.5,1.5,1,0.5,1.5
"G659",1,1,1,1,1,1,1,1,1,1,1,1.5,1.5,1.5,1.5,1.5,1.5,1,1.5,1.5
"G660",1,1,1,1,1,1,1,1,1,1,1.5,1.5,2,1.5,1.5,1.5,1.5,1.5,1,1
"G661",1,1,1,1,1,1,1,1,1,1,1.5,1,1.5,1.5,1,2,1.5,2,1.5,1.5
"G662",1,1,1,1,1,1,1,1,1,1,1.5,1,0.5,0.5,1,1,1,1,1,1.5
"G663",1,1,1,1,1,1,1,1,1,1,1,1.5,1,1.5,1.5,1,1.5,1.5,1.5,1
"G664",1,1,1,1,1,1,1,1,1,1,1,1,1,1.5,1.5,2,1.5,1.5,1.5,0.5
"G665",1,1,1,1,1,1,1,1,1,1,1,1.5,1,1.5,1.5,1.5,1.5,1.5,1.5,1
"G666",1,1,1,1,1,1,1,1,1,1,1.5,2,1.5,1.5,1,1.5,1.5,1.5,2,1
"G667",1,1,1,1,1,1,1,1,1,1,1.5,1.5,1.5,1,1.5,1.5,1.5,1.5,1.5,1.5
"G668",1,1,1,1,1,1,1,1,1,1,1,2,2,1.5,1,1,1.5,1.5,1,1.5
"G669",1,1,1,1,1,1,1,1,1,1,1.5,2,1.5,1.5,1.5,1,1.5,1.5,1.5,2
"G670",1,1,1,1,1,1,1,1,1,1,1.5,1.5,1,1.5,1.5,1.5,2,1.5,1.5,1.5
"G671",1,1,1,1,1,1,1,1,1,1,0.5,1.5,1,1.5,1.5,1.5,1,1,1.5,1.5
"G672",1,1,1,1,1,1,1,1,1,1,1,1.5,1.5,1.5,1,1.5,1.5,1,1.5,1.5
"G673",1,1,1,1,1,1,1,1,1,1,2,1,1,1,1,1,1.5,1.5,2,1.5
"G674",1,1,1,1,1,1,1,1,1,1,1,1.5,1.5,2,1.5,1.5,1,1.5,1.5,1
"G675",1,1,1,1,1,1,1,1,1,1,1.5,1.5,1.5,1.5,1.5,1,1.5,1,1,1.5
"G676",1,1,1,1,1,1,1,1,1,1,1,1.5,1.5,1.5,2,1,1,2,1.5,1
"G677",1,1,1,1,1,1,1,1,1,1,1,1,1.5,1.5,1.5,1,1.5,1,0.5,1.5
"G678",1,1,1,1,1,1,1,1,1,1,2,1,1,1,1.5,2,1,1.5,1.5,2
"G679",1,1,1,1,1,1,1,1,1,1,1.5,1,1,1,1.5,1.5,2,1.5,1,1.5
"G680",1,1,1,1,1,1,1,1,1,1,2,1.5,1.5,1.5,1.5,1.5,1,1,1.5,1
"G681",1,1,1,1,1,1,1,1,1,1,1.5,2,1.5,1.5,1,1.5,1.5,1.5,1.5,1
"G682",1,1,1,1,1,1,1,1,1,1,1,1,1,1.5,1,1.5,1,1,1,2
"G683",1,1,1,1,1,1,1,1,1,1,1.5,0.5,2,1,1,1,1.5,1,2,1
"G684",1,1,1,1,1,1,1,1,1,1,0.5,1,1.5,1.5,1.5,1.5,1.5,2,1.5,1
"G685",1,1,1,1,1,1,1,1,1,1,1.5,1.5,1.5,1,1.5,1.5,1.5,1.5,1.5,1.5
"G686",1,1,1,1,1,1,1,1,1,1,1,1,1.5,1,1,1,1.5,1,2,1.5
"G687",1,1,1,1,1,1,1,1,1,1,1,1.5,1.5,1.5,1.5,1,1,1.5,1.5,1.5
"G688",1,1,1,1,1,1,1,1,1,1,1.5,1.5,2,1.5,1.5,1,1.5,1,1.5,1
"G689",1,1,1,1,1,1,1,1,1,1,1.5,1.5,1,1,1.5,1.5,1,1,1.5,1.5
"G690",1,1,1,1,1,1,1,1,1,1,1.5,1.5,2,1.5,1.5,1.5,1.5,1.5,1,1.5
"G691",1,1,1,1,1,1,1,1,1,1,1.5,1,1,1.5,2,1.5,1,1.5,0.5,1
"G692",1,1,1,1,1,1,1,1,1,1,1.5,1.5,1.5,1.5,1.5,1.5,1,0.5,1,1
"G693",1,1,1,1,1,1,1,1,1,1,1.5,1.5,1,1,1.5,1.5,1.5,1.5,1,1.5
"G694",1,1,1,1,1,1,1,1,1,1,1.5,1,1.5,2,1.5,1.5,1.5,1.5,1,1.5
"G695",1,1,1,1,1,1,1,1,1,1,1,1,1.5,1.5,2,1.5,1,1.5,1,1.5
"G696",1,1,1,1,1,1,1,1,1,1,1.5,1,1.5,1.5,1.5,0.5,1.5,1.5,1,1
"G697",1,1,1,1,1,1,1,1,1,1,1,1.5,1.5,1,1,1,1.5,1.5,1.5,1.5
"G698",1,1,1,1,1,1,1,1,1,1,1.5,1.5,1.5,1,1.5,1.5,1.5,1.5,1.5,1.5
"G699",1,1,1,1,1,1,1,1,1,1,1,1.5,1,1.5,1.5,1.5,1.5,1.5,1.5,1
"G700",1,1,1,1,1,1,1,1,1,1,1.5,1.5,1.5,1,1,1,1.5,1.5,1.5,1
"G701",1,1,1,1,1,1,1,1,1,1,1.5,1.5,1.5,1,1.5,1.5,2.5,2,2,1.5
"G702",1,1,1,1,1,1,1,1,1,1,1.5,2,2.5,2,1,2,2,2,1.5,1.5
"G703",1,1,1,1,1,1,1,1,1,1,2,2,2,1,1.5,2,2,2,1.5,2
"G704",1,1,1,1,1,1,1,1,1,1,2.5,2,2,2,1.5,2.5,2,1.5,2,1.5
"G705",1,1,1,1,1,1,1,1,1,1,2.5,2,2,2,2,1.5,2,1,2,2
"G706",1,1,1,1,1,1,1,1,1,1,1.5,1.5,2,2,2,2,2,1,2,2
"G707",1,1,1,1,1,1,1,1,1,1,2,2,1,2.5,2,2,1.5,1,1,2.5
"G708",1,1,1,1,1,1,1,1,1,1,2,2,2,2,2,1.5,1.5,2,2,2
"G709",1,1,1,1,1,1,1,1,1,1,2,2,1.5,1.5,2.5,1.5,2,2,1.5,2
"G710",1,1,1,1,1,1,1,1,1,1,2,1.5,2,2,2,2,2,2,1.5,1.5
"G711",1,1,1,1,1,1,1,1,1,1,1.5,2,2,2,2,1.5,2,2,1.5,1.5
"G712",1,1,1,1,1,1,1,1,1,1,2,2,2,1.5,2,1.5,1.5,1.5,1.5,1.5
"G713",1,1,1,1,1,1,1,1,1,1,1.5,2,2,2,1.5,2,1.5,2,2.5,2
"G714",1,1,1,1,1,1,1,1,1,1,2,1.5,2,1.5,2.5,1.5,2,2,2,1.5
"G715",1,1,1,1,1,1,1,1,1,1,1.5,2,2,1,1.5,2,2,2,2,2
"G716",1,1,1,1,1,1,1,1,1,1,2,1.5,1.5,1.5,1.5,1.5,2,1.5,1.5,2
"G717",1,1,1,1,1,1,1,1,1,1,2,1,1.5,2,2,1,1.5,1.5,2,2
"G718",1,1,1,1,1,1,1,1,1,1,1.5,2,1,2,1.5,2,2,1.5,2,2
"G719",1,1,1,1,1,1,1,1,1,1,2,2,1.5,2.5,1.5,2,2,1.5,2,2
"G720",1,1,1,1,1,1,1,1,1,1,2,1.5,1.5,2,1.5,2,2,2,1.5,1.5
"G721",1,1,1,1,1,1,1,1,1,1,2,1.5,2,1.5,1.5,2,2,2,2,2
"G722",1,1,1,1,1,1,1,1,1,1,1.5,1,2,2,2,1.5,1.5,2,2,2
"G723",1,1,1,1,1,1,1,1,1,1,1.5,2.5,1.5,1.5,2,2,2,1.5,2,1.5
"G724",1,1,1,1,1,1,1,1,1,1,2,2.5,2,2,2.5,1.5,2,1,2,1.5
"G725",1,1,1,1,1,1,1,1,1,1,1.5,2,2,1.5,1,1.5,2,2,1,2
"G726",1,1,1,1,1,1,1,1,1,1,1.5,2,1.5,2.5,2,2,2,2,2,1.5
"G727",1,1,1,1,1,1,1,1,1,1,2,1.5,2,1.5,1.5,1.5,2,2,2,2
"G728",1,1,1,1,1,1,1,1,1,1,2.5,2,1.5,2,2,2,1.5,2,1,2
"G729",1,1,1,1,1,1,1,1,1,1,1.5,2,2,2,1,2,2,2,2,2
"G730",1,1,1,1,1,1,1,1,1,1,2.5,2,2,2,2,2,1.5,2,2,2.5
"G731",1,1,1,1,1,1,1,1,1,1,2,2,1.5,1.5,2,1.5,1.5,1.5,1.5,1.5
"G732",1,1,1,1,1,1,1,1,1,1,2,2,1.5,1.5,2,2.5,2.5,1.5,1.5,2.5
"G733",1,1,1,1,1,1,1,1,1,1,2,2,2,1.5,2,2,2,1.5,1,2
"G734",1,1,1,1,1,1,1,1,1,1,2,2,2,1.5,1.5,2,2,1.5,2,2
"G735",1,1,1,1,1,1,1,1,1,1,2,2,2,1,2,2,2,2,2,2
"G736",1,1,1,1,1,1,1,1,1,1,2,1.5,2,1.5,2,2,1,1.5,2,1
"G737",1,1,1,1,1,1,1,1,1,1,2,2.5,2,1.5,2,1.5,1.5,2,2,2.5
"G738",1,1,1,1,1,1,1,1,1,1,1.5,2,2.5,1.5,2,2,1.5,1.5,1.5,2.5
"G739",1,1,1,1,1,1,1,1,1,1,2,2,2,2,1.5,2,1.5,1.5,2.5,1.5
"G740",1,1,1,1,1,1,1,1,1,1,2,2,2,2,1.5,1.5,2.5,2,1.5,2
"G741",1,1,1,1,1,1,1,1,1,1,2,1.5,2.5,2,2,1.5,2,2.5,2,1.5
"G742",1,1,1,1,1,1,1,1,1,1,1.5,2,1.5,2,1.5,2,2,1.5,2,2
"G743",1,1,1,1,1,1,1,1,1,1,2,2,1.5,2,2,1.5,2,2,2,1.5
"G744",1,1,1,1,1,1,1,1,1,1,2,2,2,1.5,2,2,2.5,2,1.5,2.5
"G745",1,1,1,1,1,1,1,1,1,1,1.5,2,2.5,2,2,2,1.5,2.5,1.5,2
"G746",1,1,1,1,1,1,1,1,1,1,2,1.5,2,2,2,2,1.5,1.5,2.5,2
"G747",1,1,1,1,1,1,1,1,1,1,2,2,2,1.5,2.5,1.5,1.5,2,1.5,2
"G748",1,1,1,1,1,1,1,1,1,1,2,1.5,2,1.5,1.5,2,2,1.5,2,2.5
"G749",1,1,1,1,1,1,1,1,1,1,2.5,1.5,2,2,1.5,1.5,1.5,1.5,2,1.5
"G750",1,1,1,1,1,1,1,1,1,1,1,1.5,1.5,2,2,2,2,2,1.5,2
"G751",1,1,1,1,1,1,1,1,1,1,1.5,1.5,1.5,1.5,2,1.5,1.5,2,2,2
"G752",1,1,1,1,1,1,1,1,1,1,2,2,1.5,2,1.5,1.5,2,1.5,2,1.5
"G753",1,1,1,1,1,1,1,1,1,1,2,1.5,1,2,2.5,2.5,1.5,2,2,1.5
"G754",1,1,1,1,1,1,1,1,1,1,1.5,1.5,1.5,1.5,1.5,1.5,1.5,2,2.5,2
"G755",1,1,1,1,1,1,1,1,1,1,1.5,2,1.5,2,1.5,1.5,2,2,1.5,1.5
"G756",1,1,1,1,1,1,1,1,1,1,2,1.5,1.5,1.5,1.5,2,2.5,1,2,2
"G757",1,1,1,1,1,1,1,1,1,1,1.5,1.5,1.5,2,1.5,1.5,2,2,2,2
"G758",1,1,1,1,1,1,1,1,1,1,2,2.5,1.5,1.5,2,1.5,2,2,2,2
"G759",1,1,1,1,1,1,1,1,1,1,2,1.5,2,2,2,1.5,2,2,2.5,2.5
"G760",1,1,1,1,1,1,1,1,1,1,1.5,2,1.5,2,1.5,1.5,2,1.5,1.5,2.5
"G761",1,1,1,1,1,1,1,1,1,1,1.5,2,1.5,2,1.5,1.5,1.5,2,2.5,1.5
"G762",1,1,1,1,1,1,1,1,1,1,2,2,2,2,2,2,1.5,2,1.5,1.5
"G763",1,1,1,1,1,1,1,1,1,1,2,2,1.5,2,1.5,2,2,2,2,2
"G764",1,1,1,1,1,1,1,1,1,1,2,1,2,1,2,2.5,2,1.5,2,2
"G765",1,1,1,1,1,1,1,1,1,1,2,2,2,2,2,1.5,1.5,2,2,2
"G766",1,1,1,1,1,1,1,1,1,1,2,1.5,1.5,1.5,1.5,1.5,2,1.5,2,1.5
"G767",1,1,1,1,1,1,1,1,1,1,1.5,2,2,2,1.5,2,1.5,2,2.5,1.5
"G768",1,1,1,1,1,1,1,1,1,1,2,2,2,2,2,2,1.5,2,2,2.5
"G769",1,1,1,1,1,1,1,1,1,1,1.5,2,1.5,1.5,1.5,2,2,2,2.5,2.5
"G770",1,1,1,1,1,1,1,1,1,1,2,2,1.5,2,2,2.5,2,2,2,2
"G771",1,1,1,1,1,1,1,1,1,1,1.5,2,2,2,2,1.5,2,2,2,2
"G772",1,1,1,1,1,1,1,1,1,1,2,2,1.5,1.5,2,1.5,1.5,2,2,1.5
"G773",1,1,1,1,1,1,1,1,1,1,2,2,2.5,2,1,2.5,2,2,2,1.5
"G774",1,1,1,1,1,1,1,1,1,1,2,2,1.5,2,2,1.5,2,2,1,1.5
"G775",1,1,1,1,1,1,1,1,1,1,2.5,2,2,1.5,1.5,2,2.5,2,1.5,2
"G776",1,1,1,1,1,1,1,1,1,1,2,1.5,1.5,2.5,2,2,2,2,1.5,2
"G777",1,1,1,1,1,1,1,1,1,1,2,1.5,1.5,1.5,1.5,1.5,2.5,2,2,2
"G778",1,1,1,1,1,1,1,1,1,1,2,2,1,1,2,2,1.5,1.5,1.5,1.5
"G779",1,1,1,1,1,1,1,1,1,1,1,2,2,2,1.5,2,1.5,2,2,1
"G780",1,1,1,1,1,1,1,1,1,1,1.5,2.5,1.5,2,1.5,2,2,1.5,2,2.5
"G781",1,1,1,1,1,1,1,1,1,1,1.5,2,1.5,2.5,2.5,2.5,2,1.5,1.5,1.5
"G782",1,1,1,1,1,1,1,1,1,1,1.5,2.5,2,1.5,1.5,2,2,2,1.5,2
"G783",1,1,1,1,1,1,1,1,1,1,2,2.5,2,2,1.5,1,2,2,2,2
"G784",1,1,1,1,1,1,1,1,1,1,2.5,1,2,2,2.5,1.5,2,1.5,1.5,2
"G785",1,1,1,1,1,1,1,1,1,1,1.5,1.5,1.5,2,2,2,2,2,2,2
"G786",1,1,1,1,1,1,1,1,1,1,1,2,2,1.5,2,2,1.5,2,1.5,2
"G787",1,1,1,1,1,1,1,1,1,1,2,2,2,1.5,2,2,2,2,1.5,2.5
"G788",1,1,1,1,1,1,1,1,1,1,1.5,2,1.5,1.5,2,2,1.5,2,1.5,2
"G789",1,1,1,1,1,1,1,1,1,1,1.5,2,2,2,2,2,2,1.5,2,2
"G790",1,1,1,1,1,1,1,1,1,1,2,2,1,1.5,1.5,1.5,2,1.5,2,1.5
"G791",1,1,1,1,1,1,1,1,1,1,2,2,2.5,1.5,2.5,2,1.5,1.5,1.5,2
"G792",1,1,1,1,1,1,1,1,1,1,1.5,2,2,2.5,1.5,1.5,2,2.5,2,2
"G793",1,1,1,1,1,1,1,1,1,1,2,2,2,1.5,2,1.5,1.5,2,2,2
"G794",1,1,1,1,1,1,1,1,1,1,2,1.5,2.5,2,2,2.5,1.5,2,1.5,2.5
"G795",1,1,1,1,1,1,1,1,1,1,2,2,1.5,1.5,2,1.5,2,2,2,1.5
"G796",1,1,1,1,1,1,1,1,1,1,1.5,2,2,1.5,2,1.5,2,2,2,1.5
"G797",1,1,1,1,1,1,1,1,1,1,2,2,1.5,1.5,2,1.5,1.5,1.5,1.5,2
"G798",1,1,1,1,1,1,1,1,1,1,2,2,1.5,2,1.5,2.5,1.5,1.5,2,2
"G799",1,1,1,1,1,1,1,1,1,1,1.5,2,2,1,1.5,1.5,2,2,2,2
"G800",1,1,1,1,1,1,1,1,1,1,1.5,2,2,2,2,2,2,2,1,2
"G801",1,1,1,1,1,1,1,1,1,1,2.5,1.5,1.5,2.5,2.5,1.5,2,1.5,1.5,2.5
"G802",1,1,1,1,1,1,1,1,1,1,1.5,2.5,2.5,1.5,2.5,2.5,2.5,2,2.5,1.5
"G803",1,1,1,1,1,1,1,1,1,1,1.5,1.5,2.5,2.5,2,2.5,1.5,1.5,2.5,2.5
"G804",1,1,1,1,1,1,1,1,1,1,2.5,1.5,2.5,1.5,1.5,2.5,2,1.5,1.5,2.5
"G805",1,1,1,1,1,1,1,1,1,1,2.5,1.5,1.5,1.5,2.5,2.5,1.5,2.5,2.5,2
"G806",1,1,1,1,1,1,1,1,1,1,2.5,2.5,1.5,2.5,1.5,2.5,2.5,2.5,2.5,2.5
"G807",1,1,1,1,1,1,1,1,1,1,1.5,1.5,1.5,1,2.5,2.5,2.5,2.5,2.5,1.5
"G808",1,1,1,1,1,1,1,1,1,1,1.5,1.5,1.5,2.5,2.5,2.5,2.5,2.5,2.5,2.5
"G809",1,1,1,1,1,1,1,1,1,1,1.5,1.5,2.5,1.5,1.5,2.5,2.5,1.5,1.5,1.5
"G810",1,1,1,1,1,1,1,1,1,1,1.5,1.5,1.5,2,2.5,2.5,1.5,1.5,2.5,2.5
"G811",1,1,1,1,1,1,1,1,1,1,1,2,1.5,1.5,2.5,2.5,2,2.5,2.5,2
"G812",1,1,1,1,1,1,1,1,1,1,2.5,1.5,2.5,2.5,1.5,2,2.5,2.5,1.5,2.5
"G813",1,1,1,1,1,1,1,1,1,1,2.5,2.5,2.5,1.5,2.5,2.5,1.5,2.5,1,1.5
"G814",1,1,1,1,1,1,1,1,1,1,2,2.5,2.5,1.5,2.5,2.5,2.5,2.5,1.5,1.5
"G815",1,1,1,1,1,1,1,1,1,1,2.5,2.5,2.5,1.5,2.5,1.5,1.5,2,2.5,1.5
"G816",1,1,1,1,1,1,1,1,1,1,2.5,2.5,1.5,2.5,2.5,2.5,2.5,1.5,1.5,2.5
"G817",1,1,1,1,1,1,1,1,1,1,1.5,1.5,1.5,1.5,1.5,2.5,2.5,2.5,2.5,2.5
"G818",1,1,1,1,1,1,1,1,1,1,1.5,1.5,2,2.5,2.5,2.5,2.5,1.5,2.5,2
"G819",1,1,1,1,1,1,1,1,1,1,2.5,2.5,1.5,1.5,2.5,1.5,2.5,2.5,1.5,1.5
"G820",1,1,1,1,1,1,1,1,1,1,2.5,2,2.5,2.5,1.5,2.5,2.5,2.5,2.5,1.5
"G821",1,1,1,1,1,1,1,1,1,1,1,2.5,1.5,1.5,2.5,2.5,2.5,2.5,1.5,2.5
"G822",1,1,1,1,1,1,1,1,1,1,2.5,1.5,1,1.5,2.5,2.5,2.5,1.5,2.5,2.5
"G823",1,1,1,1,1,1,1,1,1,1,2.5,1.5,2.5,1,2.5,1.5,1.5,2.5,2.5,1.5
"G824",1,1,1,1,1,1,1,1,1,1,1,2.5,2.5,2.5,2.5,1.5,2.5,2.5,2,1.5
"G825",1,1,1,1,1,1,1,1,1,1,1.5,2.5,2.5,2.5,1.5,2.5,1.5,2.5,2.5,2.5
"G826",1,1,1,1,1,1,1,1,1,1,2.5,2.5,2,2.5,1.5,1.5,2.5,2.5,2.5,1.5
"G827",1,1,1,1,1,1,1,1,1,1,1.5,2,2.5,2.5,1.5,2.5,2.5,2.5,1.5,2
"G828",1,1,1,1,1,1,1,1,1,1,1,1.5,2.5,1.5,2.5,2.5,2.5,2.5,2.5,2.5
"G829",1,1,1,1,1,1,1,1,1,1,1.5,1.5,1.5,2,2.5,2.5,2.5,2.5,2.5,2.5
"G830",1,1,1,1,1,1,1,1,1,1,1.5,2.5,2,2.5,2.5,2.5,2,2.5,1.5,1.5
"G831",1,1,1,1,1,1,1,1,1,1,1.5,1.5,1.5,2.5,2.5,1.5,2.5,1.5,1.5,1.5
"G832",1,1,1,1,1,1,1,1,1,1,1.5,2.5,2.5,2.5,2.5,1.5,1.5,2,1.5,2.5
"G833",1,1,1,1,1,1,1,1,1,1,2.5,1.5,1.5,1,2.5,2.5,1.5,1.5,2.5,2.5
"G834",1,1,1,1,1,1,1,1,1,1,2.5,2.5,2.5,1.5,2,2.5,2.5,2.5,2.5,2.5
"G835",1,1,1,1,1,1,1,1,1,1,2.5,2.5,1.5,2.5,1.5,2.5,1.5,2.5,2.5,1.5
"G836",1,1,1,1,1,1,1,1,1,1,1.5,1.5,2.5,2.5,2.5,2.5,1.5,2.5,2,1.5
"G837",1,1,1,1,1,1,1,1,1,1,2.5,1.5,1.5,1.5,2.5,2.5,2.5,2,2.5,2.5
"G838",1,1,1,1,1,1,1,1,1,1,2.5,2.5,2.5,1,2.5,2.5,1.5,2.5,2.5,2.5
"G839",1,1,1,1,1,1,1,1,1,1,2.5,2.5,2.5,1.5,2.5,1.5,1.5,2.5,2.5,2.5
"G840",1,1,1,1,1,1,1,1,1,1,2.5,2.5,2.5,2.5,2.5,1.5,2.5,2.5,1.5,2.5
"G841",1,1,1,1,1,1,1,1,1,1,1.5,1.5,1.5,2.5,1.5,2.5,2.5,1.5,2.5,2.5
"G842",1,1,1,1,1,1,1,1,1,1,2.5,2.5,1.5,2.5,2.5,2.5,2.5,2,1.5,2.5
"G843",1,1,1,1,1,1,1,1,1,1,1,2.5,2.5,2,2.5,1.5,1.5,1.5,1.5,1.5
"G844",1,1,1,1,1,1,1,1,1,1,2.5,2.5,1.5,1.5,2.5,1.5,1.5,1.5,2.5,1
"G845",1,1,1,1,1,1,1,1,1,1,2.5,2.5,2.5,2.5,2.5,1.5,2.5,2.5,2.5,2.5
"G846",1,1,1,1,1,1,1,1,1,1,2.5,1.5,1.5,2.5,1.5,2.5,2.5,2.5,1.5,1.5
"G847",1,1,1,1,1,1,1,1,1,1,1.5,2.5,1.5,2.5,2.5,2.5,2.5,2.5,2.5,1.5
"G848",1,1,1,1,1,1,1,1,1,1,2.5,1.5,1,2.5,1.5,2.5,2.5,2.5,2.5,2.5
"G849",1,1,1,1,1,1,1,1,1,1,2,2.5,1.5,2.5,1.5,2.5,2.5,1.5,2.5,1.5
"G850",1,1,1,1,1,1,1,1,1,1,2.5,1,2.5,2.5,2.5,2.5,2.5,2.5,2.5,2.5
"G851",1,1,1,1,1,1,1,1,1,1,2.5,2.5,1,1.5,2.5,2.5,2.5,2,2.5,2.5
"G852",1,1,1,1,1,1,1,1,1,1,1.5,1.5,1.5,2.5,2.5,2.5,2.5,2.5,1.5,2.5
"G853",1,1,1,1,1,1,1,1,1,1,2.5,2.5,2.5,2.5,2.5,2.5,2.5,1.5,2.5,2.5
"G854",1,1,1,1,1,1,1,1,1,1,2.5,2.5,2.5,2.5,2.5,1.5,2.5,2.5,2.5,2.5
"G855",1,1,1,1,1,1,1,1,1,1,2.5,2.5,2.5,2.5,1.5,1,2.5,1.5,1.5,1.5
"G856",1,1,1,1,1,1,1,1,1,1,2.5,1.5,2,2.5,2.5,2.5,2.5,2.5,1.5,2.5
"G857",1,1,1,1,1,1,1,1,1,1,2,2.5,2,2.5,2.5,2.5,2.5,2,2.5,1.5
"G858",1,1,1,1,1,1,1,1,1,1,1.5,2.5,2.5,1,2,2.5,1.5,1.5,2.5,2.5
"G859",1,1,1,1,1,1,1,1,1,1,2.5,2.5,2.5,1.5,2.5,2.5,1.5,1.5,2.5,1.5
"G860",1,1,1,1,1,1,1,1,1,1,1.5,2.5,2,1.5,2,2.5,2.5,2.5,1.5,1.5
"G861",1,1,1,1,1,1,1,1,1,1,2,1.5,2.5,2.5,1,2.5,1.5,2,2.5,1
"G862",1,1,1,1,1,1,1,1,1,1,2.5,2.5,2.5,1.5,1.5,1.5,2.5,2.5,2.5,2.5
"G863",1,1,1,1,1,1,1,1,1,1,1.5,2.5,1.5,1.5,2.5,1.5,2.5,2.5,1.5,2.5
"G864",1,1,1,1,1,1,1,1,1,1,2,2.5,2.5,1.5,1.5,2,2.5,1.5,2,1.5
"G865",1,1,1,1,1,1,1,1,1,1,1.5,2.5,2.5,2.5,2.5,1.5,2,2.5,1.5,1
"G866",1,1,1,1,1,1,1,1,1,1,1.5,1.5,1,2.5,2.5,2.5,2.5,1.5,2.5,2.5
"G867",1,1,1,1,1,1,1,1,1,1,1.5,2.5,2.5,2.5,1.5,2,2,1.5,2,2.5
"G868",1,1,1,1,1,1,1,1,1,1,2.5,2.5,2.5,2,2.5,1,2.5,2.5,1,2.5
"G869",1,1,1,1,1,1,1,1,1,1,2.5,1.5,2.5,2.5,2.5,1.5,2.5,2.5,1,1.5
"G870",1,1,1,1,1,1,1,1,1,1,2.5,1.5,2.5,2.5,2.5,2.5,2.5,2.5,2.5,2.5
"G871",1,1,1,1,1,1,1,1,1,1,1.5,1.5,1.5,2,1.5,2.5,2.5,2.5,2.5,2.5
"G872",1,1,1,1,1,1,1,1,1,1,1,2.5,2.5,2.5,2,2.5,2.5,2.5,1,2.5
"G873",1,1,1,1,1,1,1,1,1,1,2.5,1.5,2.5,1.5,2,1.5,2.5,2.5,2.5,2.5
"G874",1,1,1,1,1,1,1,1,1,1,1.5,1,2.5,2.5,2.5,2.5,2,2.5,2.5,2.5
"G875",1,1,1,1,1,1,1,1,1,1,2.5,2.5,1.5,2.5,1,2.5,2.5,2.5,2.5,2.5
"G876",1,1,1,1,1,1,1,1,1,1,1.5,2.5,1.5,1.5,2.5,1.5,1.5,1.5,2.5,2.5
"G877",1,1,1,1,1,1,1,1,1,1,2.5,1.5,2.5,2.5,2.5,2.5,2,2,2.5,2.5
"G878",1,1,1,1,1,1,1,1,1,1,2.5,1.5,2.5,2.5,1.5,1.5,1.5,2.5,2.5,2.5
"G879",1,1,1,1,1,1,1,1,1,1,2.5,2.5,2.5,1.5,2.5,1.5,2.5,2.5,1.5,2
"G880",1,1,1,1,1,1,1,1,1,1,1.5,2.5,2.5,1.5,2.5,2.5,1.5,2.5,2,2.5
"G881",1,1,1,1,1,1,1,1,1,1,2,2.5,2.5,1.5,1.5,1.5,2.5,1.5,2.5,1.5
"G882",1,1,1,1,1,1,1,1,1,1,2.5,1.5,1.5,1.5,1.5,1.5,2.5,2.5,2.5,2.5
"G883",1,1,1,1,1,1,1,1,1,1,1.5,1.5,2.5,1.5,2.5,1.5,2.5,2.5,2.5,2.5
"G884",1,1,1,1,1,1,1,1,1,1,2.5,1.5,2,1.5,2,2.5,1,2.5,1.5,2.5
"G885",1,1,1,1,1,1,1,1,1,1,2.5,2.5,1.5,2,2.5,2.5,2.5,2.5,2.5,1.5
"G886",1,1,1,1,1,1,1,1,1,1,1.5,2.5,2,1.5,2.5,2,2.5,2.5,2.5,1.5
"G887",1,1,1,1,1,1,1,1,1,1,2.5,1.5,1,2.5,2.5,2.5,1.5,1.5,1.5,1.5
"G888",1,1,1,1,1,1,1,1,1,1,2.5,2.5,2.5,1.5,2.5,2.5,2.5,2.5,1.5,2.5
"G889",1,1,1,1,1,1,1,1,1,1,1.5,2.5,1.5,1,1.5,1.5,2.5,1.5,1.5,2.5
"G890",1,1,1,1,1,1,1,1,1,1,2.5,2.5,2,1.5,2.5,1.5,2.5,2,2.5,1.5
"G891",1,1,1,1,1,1,1,1,1,1,2.5,1.5,2.5,1.5,2.5,1.5,1.5,2,1.5,1.5
"G892",1,1,1,1,1,1,1,1,1,1,2.5,2.5,2.5,1.5,1.5,2.5,1.5,2.5,1.5,2.5
"G893",1,1,1,1,1,1,1,1,1,1,2.5,1.5,1.5,1.5,2.5,2.5,1.5,1.5,2.5,2.5
"G894",1,1,1,1,1,1,1,1,1,1,2.5,2.5,2.5,2.5,2.5,1.5,1.5,2.5,1.5,2.5
"G895",1,1,1,1,1,1,1,1,1,1,2.5,2.5,2.5,2.5,1.5,2.5,2.5,2.5,1,2.5
"G896",1,1,1,1,1,1,1,1,1,1,2,2.5,2.5,2.5,2.5,2.5,1.5,2.5,1.5,2.5
"G897",1,1,1,1,1,1,1,1,1,1,2.5,2.5,2.5,2,2.5,2.5,1.5,1.5,1.5,1.5
"G898",1,1,1,1,1,1,1,1,1,1,1.5,1.5,2.5,1.5,2.5,1.5,2,2.5,2.5,1.5
"G899",1,1,1,1,1,1,1,1,1,1,2.5,2,2.5,2.5,2.5,2.5,2.5,2.5,1.5,2.5
"G900",1,1,1,1,1,1,1,1,1,1,1.5,2.5,1.5,2.5,1.5,2.5,1.5,2.5,2.5,2.5
"G901",1,1,1,1,1,1,1,1,1,1,2.5,2.5,1,2.5,1.5,2,1.5,1.5,2.5,1.5
"G902",1,1,1,1,1,1,1,1,1,1,2.5,1,2.5,2.5,2.5,2.5,2.5,2.5,1.5,2.5
"G903",1,1,1,1,1,1,1,1,1,1,2,2.5,2.5,2.5,2.5,2.5,2,2.5,1.5,1.5
"G904",1,1,1,1,1,1,1,1,1,1,1.5,1.5,2.5,2,2.5,2.5,1.5,1.5,2.5,1.5
"G905",1,1,1,1,1,1,1,1,1,1,2.5,2.5,1.5,2.5,1.5,2.5,2.5,2.5,1.5,2.5
"G906",1,1,1,1,1,1,1,1,1,1,2.5,2.5,2.5,2.5,1.5,2.5,1.5,1.5,2.5,1
"G907",1,1,1,1,1,1,1,1,1,1,2.5,2.5,2.5,2.5,2.5,2.5,2.5,2.5,2.5,2.5
"G908",1,1,1,1,1,1,1,1,1,1,2.5,1.5,1.5,2.5,1.5,1.5,2.5,2.5,1.5,2.5
"G909",1,1,1,1,1,1,1,1,1,1,1.5,1.5,1.5,1.5,2.5,1.5,2.5,1.5,1.5,2.5
"G910",1,1,1,1,1,1,1,1,1,1,2.5,2.5,1.5,1.5,1.5,1.5,1.5,2.5,2.5,1.5
"G911",1,1,1,1,1,1,1,1,1,1,2.5,2,1.5,2.5,1.5,1.5,2.5,1.5,2.5,1.5
"G912",1,1,1,1,1,1,1,1,1,1,2.5,1.5,1.5,1.5,1.5,1.5,2.5,2.5,2,2
"G913",1,1,1,1,1,1,1,1,1,1,1.5,2,1.5,1.5,2.5,2.5,2.5,1.5,2.5,2
"G914",1,1,1,1,1,1,1,1,1,1,1.5,2,1.5,2.5,1,2.5,2,2.5,1.5,2.5
"G915",1,1,1,1,1,1,1,1,1,1,2.5,2.5,1.5,2.5,2.5,2.5,1.5,2.5,2,2.5
"G916",1,1,1,1,1,1,1,1,1,1,1.5,2.5,1.5,2.5,1.5,2.5,2.5,1.5,1,2.5
"G917",1,1,1,1,1,1,1,1,1,1,1.5,2.5,2.5,2.5,1.5,1.5,1.5,2.5,2,2.5
"G918",1,1,1,1,1,1,1,1,1,1,2,2.5,1.5,1.5,2.5,1.5,2.5,2.5,2.5,2.5
"G919",1,1,1,1,1,1,1,1,1,1,2.5,2.5,1.5,2.5,2.5,2.5,1.5,2.5,1.5,2.5
"G920",1,1,1,1,1,1,1,1,1,1,2.5,2.5,1.5,1.5,2.5,2.5,2.5,2.5,2.5,1.5
"G921",1,1,1,1,1,1,1,1,1,1,2,2.5,2.5,2.5,1.5,2.5,2,2.5,2.5,2.5
"G922",1,1,1,1,1,1,1,1,1,1,2.5,2.5,2.5,1,1.5,1.5,1.5,2.5,2.5,1.5
"G923",1,1,1,1,1,1,1,1,1,1,2.5,1.5,1.5,2.5,2.5,2.5,2.5,2.5,2.5,2.5
"G924",1,1,1,1,1,1,1,1,1,1,2.5,2.5,2.5,2.5,1.5,1.5,2.5,2.5,2.5,1.5
"G925",1,1,1,1,1,1,1,1,1,1,1.5,2,2.5,2.5,2.5,2.5,2.5,2.5,1.5,2.5
"G926",1,1,1,1,1,1,1,1,1,1,1.5,2,2.5,1.5,2.5,2.5,2.5,1.5,2,1.5
"G927",1,1,1,1,1,1,1,1,1,1,2.5,1.5,2.5,2.5,2.5,2.5,1.5,1.5,1.5,2.5
"G928",1,1,1,1,1,1,1,1,1,1,1.5,2.5,2.5,1.5,2.5,2.5,1.5,2.5,1.5,1.5
"G929",1,1,1,1,1,1,1,1,1,1,2,2.5,1.5,2.5,2,2,2.5,2.5,1.5,1.5
"G930",1,1,1,1,1,1,1,1,1,1,2.5,1.5,1.5,1.5,2,2.5,2.5,2.5,1.5,1.5
"G931",1,1,1,1,1,1,1,1,1,1,2.5,2.5,2,1.5,2.5,1.5,2.5,1,2.5,2.5
"G932",1,1,1,1,1,1,1,1,1,1,1,2.5,2,2.5,1,1.5,2.5,2.5,2.5,2
"G933",1,1,1,1,1,1,1,1,1,1,1.5,2,1.5,1.5,2.5,1.5,2.5,2,2.5,2.5
"G934",1,1,1,1,1,1,1,1,1,1,2,2.5,1.5,2.5,2.5,1.5,2,1.5,1.5,2.5
"G935",1,1,1,1,1,1,1,1,1,1,1,2.5,2.5,2.5,2.5,2.5,1.5,2.5,1.5,1.5
"G936",1,1,1,1,1,1,1,1,1,1,2.5,1.5,2.5,2.5,2.5,1.5,2.5,2,1.5,1.5
"G937",1,1,1,1,1,1,1,1,1,1,1,1.5,1.5,2.5,2.5,2,2.5,1.5,1.5,2
"G938",1,1,1,1,1,1,1,1,1,1,2.5,2.5,2.5,1.5,2.5,2.5,2.5,1.5,2.5,2.5
"G939",1,1,1,1,1,1,1,1,1,1,2.5,1.5,2.5,2.5,2.5,1.5,2.5,2.5,2.5,1.5
"G940",1,1,1,1,1,1,1,1,1,1,2.5,2.5,2.5,2.5,1.5,2.5,1.5,1.5,2.5,2.5
"G941",1,1,1,1,1,1,1,1,1,1,1.5,2.5,1.5,2.5,2,2.5,2.5,1.5,2.5,2.5
"G942",1,1,1,1,1,1,1,1,1,1,2,1.5,1.5,2.5,1.5,1.5,2.5,2.5,1.5,2.5
"G943",1,1,1,1,1,1,1,1,1,1,2.5,2.5,1.5,1.5,2.5,1,1.5,1.5,2.5,2.5
"G944",1,1,1,1,1,1,1,1,1,1,1.5,2.5,1.5,1,2.5,1.5,2.5,2.5,2.5,2.5
"G945",1,1,1,1,1,1,1,1,1,1,1.5,1.5,1.5,1.5,1.5,2.5,2.5,2.5,1,1.5
"G946",1,1,1,1,1,1,1,1,1,1,2.5,1.5,2.5,2.5,2.5,1.5,2.5,2.5,2.5,2.5
"G947",1,1,1,1,1,1,1,1,1,1,2.5,1.5,2.5,2.5,2.5,2.5,1.5,2.5,2.5,2.5
"G948",1,1,1,1,1,1,1,1,1,1,2.5,1.5,1.5,1.5,2.5,1.5,2.5,2.5,1.5,1.5
"G949",1,1,1,1,1,1,1,1,1,1,2.5,1.5,1.5,2,2.5,2.5,2.5,2,2.5,2.5
"G950",1,1,1,1,1,1,1,1,1,1,2.5,1.5,2.5,2,1.5,1.5,2.5,2.5,2.5,2.5
"G951",1,1,1,1,1,1,1,1,1,1,2.5,1.5,2.5,2,2.5,1.5,2.5,2.5,1.5,2
"G952",1,1,1,1,1,1,1,1,1,1,2.5,1.5,2.5,1.5,2,2,2.5,1.5,2.5,2.5
"G953",1,1,1,1,1,1,1,1,1,1,2.5,2.5,1,2.5,2.5,1.5,2,2.5,2,2.5
"G954",1,1,1,1,1,1,1,1,1,1,2.5,2.5,2.5,1.5,2.5,1.5,2.5,2.5,2.5,1.5
"G955",1,1,1,1,1,1,1,1,1,1,2.5,1,2.5,2.5,2.5,1.5,1.5,2.5,2.5,1.5
"G956",1,1,1,1,1,1,1,1,1,1,2.5,1,2.5,2.5,2,1.5,1.5,1.5,2.5,2.5
"G957",1,1,1,1,1,1,1,1,1,1,1.5,2.5,1.5,2.5,1.5,1.5,1.5,2.5,1.5,1.5
"G958",1,1,1,1,1,1,1,1,1,1,1.5,2.5,1.5,2.5,2.5,1.5,2.5,1.5,1.5,1.5
"G959",1,1,1,1,1,1,1,1,1,1,2.5,1.5,1.5,2.5,2.5,2.5,1.5,2.5,2.5,1.5
"G960",1,1,1,1,1,1,1,1,1,1,2.5,2.5,1.5,1.5,1.5,2.5,2,2.5,2.5,2.5
"G961",1,1,1,1,1,1,1,1,1,1,2.5,2.5,1.5,2.5,1,1.5,1.5,2.5,2,2.5
"G962",1,1,1,1,1,1,1,1,1,1,1.5,1.5,1.5,2.5,2.5,1.5,2.5,1.5,2.5,2
"G963",1,1,1,1,1,1,1,1,1,1,1.5,2.5,2.5,1.5,2.5,2.5,1.5,1.5,2,2.5
"G964",1,1,1,1,1,1,1,1,1,1,2.5,1.5,2.5,1.5,1.5,2.5,1,1.5,2.5,2.5
"G965",1,1,1,1,1,1,1,1,1,1,2.5,1.5,2.5,2.5,1.5,2.5,2.5,2.5,1.5,1.5
"G966",1,1,1,1,1,1,1,1,1,1,2.5,2,1.5,2.5,2.5,1.5,1.5,2,2.5,1.5
"G967",1,1,1,1,1,1,1,1,1,1,2.5,2.5,2.5,2,1.5,2.5,2.5,2.5,2.5,2.5
"G968",1,1,1,1,1,1,1,1,1,1,2.5,1.5,2.5,1.5,2.5,2.5,1.5,2.5,1.5,2.5
"G969",1,1,1,1,1,1,1,1,1,1,2.5,2.5,1.5,1,2.5,1,1.5,2.5,1.5,2.5
"G970",1,1,1,1,1,1,1,1,1,1,1,2,2.5,2,2,2.5,1.5,2.5,2.5,1.5
"G971",1,1,1,1,1,1,1,1,1,1,1.5,1,1.5,1.5,1.5,1.5,1.5,2.5,2.5,1.5
"G972",1,1,1,1,1,1,1,1,1,1,2.5,1.5,2.5,2.5,1.5,2,2,1.5,2.5,2.5
"G973",1,1,1,1,1,1,1,1,1,1,2.5,1,1,2.5,2.5,2.5,2.5,1,1.5,2
"G974",1,1,1,1,1,1,1,1,1,1,2,2.5,2.5,2.5,1,2.5,1.5,1.5,2.5,2.5
"G975",1,1,1,1,1,1,1,1,1,1,2.5,2.5,2.5,2.5,1.5,2.5,1.5,2.5,2.5,2.5
"G976",1,1,1,1,1,1,1,1,1,1,2.5,2.5,2.5,2.5,1,1.5,1.5,1.5,2.5,2
"G977",1,1,1,1,1,1,1,1,1,1,2.5,2.5,2.5,2.5,2.5,1.5,1.5,1,2.5,2.5
"G978",1,1,1,1,1,1,1,1,1,1,1.5,1.5,1.5,2.5,1,1.5,2.5,2.5,2.5,1.5
"G979",1,1,1,1,1,1,1,1,1,1,2,2.5,2.5,1,1.5,1.5,1.5,2.5,1.5,1.5
"G980",1,1,1,1,1,1,1,1,1,1,1.5,1,2.5,2.5,1.5,1.5,2.5,2.5,2.5,2.5
"G981",1,1,1,1,1,1,1,1,1,1,2.5,1.5,2,2.5,2.5,2.5,1.5,2.5,2.5,2.5
"G982",1,1,1,1,1,1,1,1,1,1,2.5,1.5,2.5,1.5,1.5,2.5,1.5,1.5,1.5,2.5
"G983",1,1,1,1,1,1,1,1,1,1,2.5,2.5,2.5,1.5,1.5,1.5,2.5,2.5,1.5,1.5
"G984",1,1,1,1,1,1,1,1,1,1,2.5,1.5,2.5,1.5,1.5,2,1.5,2.5,1.5,2.5
"G985",1,1,1,1,1,1,1,1,1,1,2.5,1.5,1.5,2.5,2.5,2.5,2.5,2.5,1.5,1.5
"G986",1,1,1,1,1,1,1,1,1,1,1.5,2.5,2.5,2.5,2.5,1.5,2.5,1.5,2.5,2.5
"G987",1,1,1,1,1,1,1,1,1,1,1.5,1.5,1.5,2.5,1.5,2.5,2.5,2.5,2.5,1.5
"G988",1,1,1,1,1,1,1,1,1,1,2.5,2.5,2.5,1,2.5,2.5,2.5,2.5,2,2.5
"G989",1,1,1,1,1,1,1,1,1,1,2.5,2.5,1.5,2.5,2.5,2.5,2,2.5,1.5,1.5
"G990",1,1,1,1,1,1,1,1,1,1,1.5,2.5,2.5,2.5,1.5,2.5,2.5,1.5,2.5,2.5
"G991",1,1,1,1,1,1,1,1,1,1,2,1.5,2.5,2,1.5,1.5,1.5,1.5,2.5,1.5
"G992",1,1,1,1,1,1,1,1,1,1,1.5,1.5,1.5,1.5,2.5,2.5,2.5,2.5,1.5,1.5
"G993",1,1,1,1,1,1,1,1,1,1,2.5,2.5,1.5,1,1.5,2,2.5,2.5,1.5,2.5
"G994",1,1,1,1,1,1,1,1,1,1,2.5,1.5,1.5,1,2,1.5,2.5,2.5,2.5,2.5
"G995",1,1,1,1,1,1,1,1,1,1,2.5,2.5,2.5,2.5,2.5,1,2.5,1.5,2,1.5
"G996",1,1,1,1,1,1,1,1,1,1,2.5,2,2.5,2.5,2.5,2.5,1.5,1.5,2,2.5
"G997",1,1,1,1,1,1,1,1,1,1,2,1.5,1,2.5,2.5,1.5,1.5,2.5,1.5,2.5
"G998",1,1,1,1,1,1,1,1,1,1,2.5,1,1.5,2.5,2.5,2.5,1.5,2.5,2,1.5
"G999",1,1,1,1,1,1,1,1,1,1,1.5,2,1.5,1.5,2.5,1.5,1.5,1.5,2.5,2.5
"G1000",1,1,1,1,1,1,1,1,1,1,1,1.5,2,2.5,2.5,2.5,1.5,2.5,1.5,2
